213.074889868,214.22907489,215.255506608,216.872246696,216.907488987,217.290748899,216.850220264,214.392070485,214.735682819,215.77092511,216.559471366,217.207048458,217.488986784,217.68722467,217.378854626,215.568281938,215.140969163,216.140969163,217.462555066,217.713656388,217.86784141,217.392070485,217.189427313,215.933920705,215.0,216.101321586,217.519823789,217.969162996,218.462555066,217.330396476,216.955947137,215.603524229,214.788546256,215.475770925,216.656387665,217.54185022,218.255506608,217.72246696,216.9030837,215.86784141,215.31277533,215.634361233,216.480176211,216.872246696,217.273127753,217.189427313,217.198237885,216.233480176,214.36123348,215.863436123,216.726872247,216.973568282,216.59030837,216.713656388,216.814977974,216.083700441,213.418502203,214.669603524,216.563876652,217.004405286,216.577092511,216.004405286,215.193832599,214.427312775,
202.824742268,204.508591065,204.872852234,206.24742268,206.817869416,206.508591065,206.017182131,205.037800687,203.890034364,205.491408935,205.951890034,207.295532646,207.783505155,207.508591065,206.536082474,205.309278351,204.711340206,206.254295533,206.663230241,207.158075601,208.041237113,207.676975945,206.58419244,205.209621993,205.515463918,206.642611684,206.886597938,206.797250859,207.525773196,207.199312715,207.082474227,205.945017182,205.412371134,206.804123711,206.910652921,206.553264605,207.04467354,206.852233677,206.810996564,206.003436426,204.965635739,206.323024055,206.704467354,207.226804124,207.068728522,206.694158076,205.948453608,205.347079038,204.656357388,205.838487973,206.271477663,206.900343643,206.87628866,206.395189003,205.161512027,204.529209622,204.316151203,205.017182131,205.549828179,205.872852234,205.972508591,205.35395189,204.883161512,203.412371134,
202.582089552,203.985074627,206.388059701,206.597014925,206.850746269,202.955223881,199.626865672,192.671641791,205.641791045,205.776119403,206.582089552,208.0,206.507462687,202.985074627,197.820895522,188.925373134,207.865671642,208.134328358,206.074626866,207.567164179,205.686567164,200.507462687,194.582089552,183.447761194,207.850746269,209.641791045,208.149253731,207.179104478,203.597014925,198.149253731,189.23880597,176.925373134,207.28358209,209.611940299,209.552238806,205.776119403,201.23880597,191.835820896,179.0,165.731343284,206.940298507,206.865671642,206.567164179,203.149253731,194.492537313,181.328358209,166.567164179,153.52238806,206.074626866,202.776119403,200.328358209,195.343283582,183.208955224,166.447761194,152.059701493,142.701492537,201.671641791,197.089552239,190.268656716,183.686567164,169.074626866,152.552238806,142.985074627,136.582089552,
190.937254902,192.207843137,193.22745098,193.91372549,193.780392157,194.529411765,193.654901961,192.458823529,192.415686275,194.066666667,195.109803922,195.054901961,194.901960784,195.494117647,195.415686275,193.831372549,194.070588235,195.525490196,195.42745098,195.941176471,195.525490196,196.207843137,196.333333333,194.541176471,194.741176471,195.729411765,195.635294118,196.403921569,196.258823529,196.215686275,196.462745098,195.301960784,194.552941176,195.725490196,195.82745098,196.584313725,196.8,196.184313725,196.725490196,195.545098039,195.141176471,196.258823529,196.137254902,197.007843137,197.17254902,197.439215686,197.662745098,196.2,195.862745098,196.709803922,196.094117647,197.31372549,197.6,198.105882353,198.180392157,196.560784314,195.466666667,196.733333333,196.917647059,197.988235294,197.756862745,198.0,197.419607843,196.62745098,
149.403225806,159.85483871,172.370967742,186.306451613,200.967741935,207.774193548,210.370967742,206.451612903,149.596774194,159.338709677,173.903225806,187.693548387,202.822580645,208.612903226,208.967741935,203.370967742,148.919354839,158.483870968,172.532258065,187.516129032,201.096774194,207.064516129,206.806451613,203.129032258,148.5,156.870967742,170.564516129,184.967741935,200.532258065,206.935483871,207.596774194,204.370967742,147.758064516,155.112903226,168.370967742,183.822580645,201.14516129,207.870967742,209.161290323,205.112903226,146.193548387,155.241935484,169.225806452,184.741935484,200.35483871,207.64516129,208.64516129,206.290322581,145.596774194,156.096774194,170.129032258,185.435483871,199.709677419,207.016129032,208.516129032,206.790322581,147.532258065,158.822580645,171.725806452,184.419354839,197.806451613,204.887096774,207.209677419,205.661290323,
82.0,109.428571429,151.035714286,182.464285714,200.428571429,205.892857143,201.535714286,192.928571429,76.1428571429,98.8928571429,147.642857143,183.571428571,202.642857143,208.25,202.428571429,192.678571429,73.3928571429,90.8928571429,142.285714286,183.321428571,202.321428571,208.857142857,202.821428571,194.75,72.9642857143,86.8571428571,136.857142857,181.142857143,204.464285714,208.571428571,205.5,196.535714286,73.7857142857,86.4285714286,130.928571429,179.178571429,204.357142857,210.75,206.678571429,200.357142857,76.8928571429,87.2142857143,125.178571429,178.571428571,203.285714286,211.428571429,207.607142857,200.392857143,80.25,89.9642857143,119.0,172.321428571,200.785714286,211.0,205.464285714,199.892857143,85.8214285714,93.1428571429,116.035714286,163.142857143,196.464285714,205.928571429,203.214285714,197.0,
184.670050761,185.545685279,185.984771574,186.060913706,186.002538071,185.916243655,185.80964467,185.126903553,185.14213198,185.97715736,185.741116751,186.121827411,186.210659898,186.139593909,185.827411168,185.906091371,185.388324873,185.682741117,185.637055838,185.959390863,185.92893401,186.162436548,186.322335025,185.720812183,184.817258883,185.182741117,185.527918782,185.779187817,186.197969543,186.307106599,186.644670051,185.170050761,183.73857868,185.02284264,185.748730964,185.80964467,186.11928934,186.423857868,185.954314721,184.535532995,183.54822335,184.634517766,185.263959391,185.436548223,185.982233503,185.609137056,185.269035533,184.616751269,183.672588832,184.416243655,184.507614213,184.842639594,185.304568528,184.997461929,184.873096447,184.152284264,183.005076142,183.434010152,183.984771574,184.469543147,184.563451777,184.54822335,184.025380711,183.241116751,
177.51396648,177.973929236,178.400372439,178.65735568,178.014897579,178.569832402,178.705772812,178.126629423,177.787709497,178.158286778,178.763500931,178.461824953,178.351955307,179.202979516,178.715083799,178.774674115,177.729981378,178.603351955,178.918063315,178.573556797,178.940409683,179.240223464,178.977653631,179.013035382,177.82122905,178.919925512,179.005586592,178.754189944,179.489757914,179.359404097,179.055865922,179.055865922,178.26443203,179.189944134,178.968342644,179.134078212,179.880819367,179.35009311,179.357541899,179.026070764,178.407821229,179.145251397,178.877094972,179.495344507,179.834264432,179.489757914,179.929236499,179.104283054,178.370577281,178.972067039,179.104283054,179.508379888,179.366852886,179.577281192,180.011173184,179.162011173,177.938547486,178.372439479,178.823091248,179.175046555,178.813780261,179.418994413,179.158286778,178.283054004,
174.714007782,174.608949416,174.044747082,173.865758755,173.190661479,171.990272374,171.949416342,171.089494163,174.73151751,174.359922179,173.961089494,173.785992218,173.470817121,172.324902724,171.659533074,171.229571984,174.219844358,173.667315175,173.976653696,173.591439689,173.243190661,172.305447471,171.075875486,171.23540856,173.391050584,173.509727626,173.918287938,173.13229572,172.708171206,172.101167315,171.157587549,171.344357977,172.961089494,173.093385214,173.507782101,172.536964981,172.019455253,171.836575875,171.710116732,170.920233463,172.338521401,172.276264591,172.375486381,171.819066148,171.478599222,171.424124514,171.428015564,170.112840467,171.457198444,171.208171206,171.593385214,171.107003891,170.80155642,170.560311284,170.616731518,168.73151751,170.628404669,170.941634241,170.976653696,170.385214008,169.795719844,169.311284047,168.861867704,167.486381323,
162.545310016,164.073131955,165.141494436,165.694753577,165.715421304,166.963434022,167.282988871,167.082670906,163.294117647,164.365659777,165.081081081,166.020667727,166.117647059,167.357710652,167.936406995,167.46581876,163.786963434,164.756756757,165.461049285,166.40381558,166.737678855,167.972972973,168.109697933,168.093799682,164.411764706,165.279809221,166.147853736,166.969793323,167.6645469,168.702702703,168.645468998,169.089030207,164.979332273,165.453100159,166.995230525,167.653418124,168.47217806,168.990461049,169.373608903,169.9936407,165.422893482,165.977742448,167.163751987,168.459459459,168.890302067,169.422893482,170.011128776,170.378378378,165.672496025,166.375198728,167.575516693,169.027027027,169.054054054,169.950715421,170.515103339,169.957074722,165.387917329,166.686804452,168.321144674,168.958664547,169.192368839,170.023847377,170.302066773,169.224165342,
121.983870968,118.951612903,123.225806452,129.85483871,138.258064516,147.096774194,154.887096774,163.677419355,125.177419355,124.370967742,131.983870968,143.5,155.080645161,164.596774194,169.741935484,175.370967742,134.709677419,138.177419355,147.451612903,160.193548387,173.709677419,181.838709677,184.596774194,187.064516129,147.629032258,154.919354839,165.967741935,177.935483871,189.435483871,195.241935484,195.387096774,194.629032258,161.241935484,171.983870968,182.048387097,190.790322581,197.177419355,200.14516129,200.435483871,196.483870968,175.096774194,185.387096774,191.161290323,195.887096774,198.532258065,199.806451613,198.806451613,194.919354839,184.903225806,191.532258065,194.338709677,196.435483871,197.758064516,196.080645161,194.983870968,192.306451613,188.370967742,191.596774194,193.677419355,194.838709677,195.080645161,192.467741935,189.693548387,186.870967742,
111.955223881,110.059701493,106.298507463,106.23880597,104.298507463,106.28358209,111.119402985,114.358208955,117.23880597,115.686567164,112.134328358,110.074626866,107.507462687,108.671641791,114.492537313,120.134328358,127.656716418,126.626865672,126.552238806,123.029850746,118.044776119,119.059701493,124.597014925,131.71641791,140.537313433,141.641791045,146.373134328,143.71641791,140.268656716,142.313432836,145.731343284,150.298507463,157.552238806,162.701492537,169.298507463,168.985074627,168.641791045,169.940298507,171.52238806,171.582089552,175.119402985,182.119402985,187.582089552,188.791044776,188.014925373,190.686567164,189.268656716,187.089552239,186.686567164,191.462686567,196.029850746,195.76119403,195.925373134,198.164179104,195.955223881,192.223880597,190.940298507,193.28358209,196.597014925,195.671641791,195.940298507,197.119402985,196.52238806,192.71641791,
162.059548255,161.897330595,162.140657084,162.054414784,162.484599589,162.53798768,162.166324435,162.495893224,162.036960986,162.039014374,162.394250513,162.057494867,162.652977413,162.747433265,162.652977413,162.987679671,161.95174538,162.345995893,161.952772074,162.353182752,162.529774127,162.305954825,162.899383984,163.169404517,161.722792608,162.638603696,161.749486653,162.250513347,162.244353183,161.888090349,162.916837782,162.854209446,161.765913758,162.207392197,161.834702259,162.550308008,161.764887064,161.973305955,162.893223819,162.427104723,161.719712526,161.773100616,162.063655031,162.041067762,161.350102669,161.735112936,162.504106776,162.223819302,161.1724846,161.149897331,161.948665298,161.484599589,160.885010267,161.246406571,162.202258727,161.80698152,161.018480493,160.517453799,161.006160164,161.303901437,160.734086242,160.68275154,161.632443532,161.04825462,
159.143081761,161.262578616,159.248427673,158.018867925,160.311320755,155.443396226,153.762578616,154.017295597,160.360062893,161.583333333,159.108490566,159.375786164,159.433962264,154.743710692,155.435534591,153.493710692,161.531446541,160.610062893,158.83490566,160.174528302,157.227987421,155.106918239,156.529874214,152.099056604,162.103773585,158.698113208,159.161949686,159.855345912,155.518867925,155.852201258,155.798742138,150.916666667,160.437106918,158.272012579,159.886792453,158.301886792,155.216981132,156.29245283,153.944968553,150.416666667,158.97327044,159.227987421,160.360062893,156.405660377,155.966981132,156.759433962,152.188679245,151.416666667,158.059748428,160.471698113,159.528301887,155.327044025,157.764150943,155.970125786,151.608490566,153.116352201,158.33490566,160.289308176,157.81918239,156.531446541,158.191823899,154.710691824,152.619496855,153.485849057,
151.154419595,149.102236422,149.879659212,152.761448349,149.720979766,151.902023429,153.898828541,151.266240682,151.516506922,149.109691161,151.784877529,152.530351438,149.460063898,153.994675186,153.26943557,151.949946752,150.82428115,150.079872204,153.876464324,150.845580405,151.060702875,155.502662407,152.161874334,153.256656017,149.945686901,152.220447284,154.479233227,149.623003195,153.674121406,155.268370607,152.129925453,154.587859425,150.04685836,154.358892439,152.746538871,150.726304579,155.602768903,153.815761448,152.948881789,155.487752929,151.389776358,155.089456869,151.088391906,152.802981896,155.961661342,152.526091587,154.71884984,155.306709265,152.776357827,154.471778488,150.638977636,154.45686901,154.654952077,152.136315229,155.842385517,154.346112886,152.880724175,152.713525027,151.783812567,155.238551651,152.330138445,153.314164004,155.416400426,152.895633653,
147.317198764,147.10607621,147.762100927,147.385169928,147.804325438,148.001029866,147.226570546,146.652935118,147.495365602,147.743563337,148.45623069,148.328527291,147.381050463,147.939237899,147.479917611,146.829042225,147.375901133,148.19361483,148.407826982,148.386199794,147.215242019,147.439752832,147.199794027,147.01853759,147.347064882,147.736354274,147.473738414,148.226570546,147.319258496,146.504634398,146.548918641,146.458290422,146.776519053,146.919670443,146.609680742,147.346035015,146.834191555,146.043254377,145.136972194,145.574665294,145.798146241,146.084449022,146.016477858,146.215242019,145.780638517,145.648815654,144.504634398,144.671472709,144.706488157,145.301750772,145.397528321,144.934088568,144.859938208,144.76930999,144.531410917,144.224510814,144.204943357,144.754891864,144.852729145,144.171987642,144.50669413,144.353244078,144.251287333,144.349124614,
125.164383562,138.287671233,149.828767123,153.657534247,161.273972603,166.787671233,165.979452055,165.705479452,121.938356164,137.924657534,149.691780822,154.547945205,161.890410959,167.54109589,167.794520548,166.869863014,117.294520548,137.0,148.904109589,154.808219178,163.123287671,167.267123288,168.287671233,167.712328767,113.732876712,134.089041096,147.397260274,155.253424658,164.109589041,167.260273973,169.561643836,170.075342466,111.746575342,129.863013699,145.321917808,156.410958904,165.582191781,168.739726027,170.719178082,170.52739726,111.123287671,126.424657534,143.993150685,153.630136986,164.993150685,169.308219178,170.595890411,168.650684932,112.219178082,124.452054795,140.876712329,151.123287671,162.349315068,168.678082192,168.931506849,166.061643836,113.253424658,123.794520548,138.184931507,150.260273973,161.356164384,166.876712329,166.609589041,164.205479452,
85.0186335404,95.1925465839,114.304347826,132.844720497,141.583850932,143.813664596,149.540372671,151.819875776,82.6832298137,94.4596273292,121.49689441,138.248447205,143.832298137,145.149068323,151.590062112,154.732919255,82.4720496894,98.5217391304,127.944099379,141.341614907,145.062111801,145.950310559,152.316770186,154.608695652,86.3726708075,105.273291925,132.440993789,142.763975155,146.540372671,146.838509317,150.708074534,153.894409938,93.2608695652,111.571428571,135.273291925,143.850931677,146.968944099,147.130434783,150.124223602,152.447204969,98.4534161491,115.074534161,136.888198758,144.180124224,146.577639752,148.037267081,150.372670807,152.086956522,103.658385093,118.52173913,137.291925466,143.01863354,146.285714286,149.161490683,150.708074534,150.254658385,107.863354037,120.434782609,136.546583851,141.708074534,145.925465839,149.596273292,150.155279503,148.01242236,
135.576536313,137.717318436,136.334078212,135.559776536,136.748603352,136.924022346,137.689385475,138.21452514,135.801117318,137.041340782,136.345251397,136.147486034,137.132960894,137.254748603,138.694972067,139.060335196,136.460335196,136.711731844,136.526256983,137.300558659,137.957541899,138.213407821,139.893854749,139.836871508,137.659217877,137.204469274,136.888268156,138.731843575,138.734078212,139.815642458,141.059217877,140.962011173,138.557541899,138.587709497,138.446927374,139.631284916,140.068156425,141.193296089,142.430167598,142.42122905,139.144134078,139.97877095,140.008938547,140.430167598,141.363128492,142.587709497,143.539664804,143.748603352,139.908379888,141.274860335,141.493854749,141.34972067,142.520670391,143.4,143.817877095,143.898324022,140.703910615,142.433519553,141.816759777,142.31396648,143.483798883,143.218994413,143.311731844,143.174301676,
140.593561368,141.863179074,143.613682093,140.716297787,139.088531187,141.080482897,139.593561368,135.875251509,141.175050302,143.277665996,142.160965795,139.325955734,138.855130785,139.780684105,137.034205231,134.810865191,140.716297787,143.680080483,140.295774648,137.028169014,138.344064386,137.476861167,133.088531187,133.774647887,138.841046278,140.853118712,138.46277666,135.325955734,136.088531187,133.746478873,130.77665996,133.29778672,137.830985915,135.311871227,134.179074447,134.096579477,132.263581489,129.589537223,130.665995976,132.567404427,136.167002012,130.885311871,129.54527163,132.23943662,129.806841046,127.585513078,130.629778672,131.32193159,132.865191147,128.971830986,128.022132797,129.505030181,129.185110664,128.792756539,130.637826962,130.23943662,130.672032193,129.201207243,129.368209256,128.281690141,128.635814889,131.273641851,131.283702213,129.567404427,
200.076923077,205.5,207.134615385,206.730769231,202.711538462,203.173076923,200.884615385,196.384615385,203.115384615,207.576923077,209.365384615,209.75,206.096153846,204.615384615,201.173076923,194.538461538,203.0,207.653846154,209.557692308,207.865384615,204.0,199.442307692,197.326923077,186.096153846,199.846153846,202.307692308,201.115384615,200.25,193.942307692,185.884615385,182.596153846,172.269230769,191.038461538,190.038461538,184.307692308,181.076923077,173.25,164.615384615,162.903846154,155.019230769,173.961538462,169.173076923,160.365384615,156.480769231,149.807692308,145.730769231,146.442307692,140.807692308,149.346153846,142.807692308,136.615384615,134.076923077,132.173076923,133.076923077,133.288461538,129.576923077,133.596153846,128.634615385,124.5,124.134615385,125.115384615,126.884615385,128.25,125.538461538,
162.621052632,163.063157895,167.442105263,171.168421053,169.189473684,168.242105263,163.4,149.042105263,164.547368421,165.2,169.242105263,173.273684211,170.210526316,164.2,156.168421053,138.663157895,165.726315789,168.6,169.547368421,172.063157895,168.684210526,158.473684211,144.368421053,123.473684211,166.578947368,170.210526316,168.842105263,167.284210526,162.357894737,145.684210526,126.031578947,105.589473684,166.663157895,169.126315789,164.778947368,159.210526316,147.610526316,127.589473684,104.073684211,88.7473684211,166.294736842,164.126315789,158.936842105,147.389473684,127.894736842,106.947368421,86.8421052632,77.2210526316,163.336842105,157.810526316,150.336842105,133.347368421,109.705263158,93.0315789474,76.6,75.8,158.989473684,150.515789474,140.4,118.621052632,97.1894736842,84.8105263158,73.5157894737,79.0631578947,
152.25203252,153.219512195,154.235772358,155.666666667,158.471544715,160.723577236,159.406504065,159.056910569,153.756097561,155.203252033,157.479674797,160.463414634,161.991869919,162.105691057,162.504065041,163.040650407,155.81300813,155.260162602,159.544715447,162.609756098,162.536585366,162.772357724,164.390243902,163.691056911,153.991869919,152.040650407,156.162601626,158.178861789,157.658536585,157.593495935,161.195121951,161.544715447,146.544715447,142.886178862,145.731707317,147.008130081,145.487804878,147.203252033,151.910569106,152.81300813,133.0,129.170731707,130.25203252,130.504065041,128.601626016,131.634146341,137.016260163,138.56097561,118.25203252,114.178861789,112.910569106,111.975609756,109.317073171,111.739837398,118.211382114,122.707317073,108.308943089,105.178861789,102.674796748,99.9024390244,97.9512195122,100.268292683,105.365853659,111.382113821,
145.151351351,146.508108108,146.032432432,144.675675676,142.567567568,137.605405405,132.47027027,131.437837838,141.789189189,143.610810811,143.902702703,140.902702703,137.783783784,133.140540541,129.610810811,128.52972973,135.048648649,137.145945946,136.935135135,133.351351351,129.632432432,126.745945946,124.502702703,122.956756757,126.562162162,126.572972973,127.32972973,123.054054054,119.918918919,118.448648649,117.491891892,116.07027027,116.189189189,115.794594595,116.221621622,111.751351351,108.427027027,109.610810811,110.248648649,109.881081081,109.345945946,107.497297297,107.902702703,103.021621622,100.691891892,102.47027027,105.005405405,105.47027027,104.4,101.043243243,101.854054054,97.9945945946,96.6972972973,99.7675675676,101.416216216,102.324324324,101.037837838,96.7621621622,97.6,96.8108108108,96.3891891892,98.9945945946,99.2324324324,100.221621622,
96.1222222222,92.9222222222,92.5,92.1666666667,90.7555555556,89.0888888889,92.2333333333,94.3111111111,105.155555556,102.666666667,102.988888889,103.766666667,102.588888889,102.222222222,106.155555556,107.666666667,120.733333333,118.977777778,120.344444444,121.088888889,120.6,123.066666667,125.711111111,124.866666667,134.777777778,134.833333333,134.5,135.366666667,137.577777778,139.933333333,141.377777778,137.833333333,143.933333333,143.288888889,142.911111111,144.233333333,146.266666667,149.077777778,149.133333333,144.233333333,147.277777778,147.966666667,146.788888889,148.2,150.666666667,149.477777778,149.877777778,145.955555556,147.688888889,148.966666667,148.055555556,150.666666667,150.244444444,148.611111111,148.744444444,145.377777778,148.144444444,148.455555556,147.4,151.511111111,149.977777778,146.455555556,146.488888889,145.322222222,
64.4716981132,63.4339622642,60.2075471698,57.679245283,58.1509433962,60.8867924528,63.4905660377,69.9622641509,62.8113207547,61.7924528302,59.4716981132,57.1509433962,59.8679245283,63.6981132075,68.3962264151,76.2830188679,67.2641509434,65.0566037736,63.9811320755,66.1886792453,69.6603773585,76.6226415094,85.3962264151,93.1698113208,80.0943396226,80.4339622642,83.9811320755,88.8113207547,94.6603773585,104.018867925,113.943396226,119.0,98.2641509434,105.943396226,111.716981132,118.58490566,124.528301887,133.226415094,144.320754717,143.377358491,117.660377358,128.943396226,136.188679245,140.528301887,146.754716981,155.018867925,161.962264151,155.660377358,137.169811321,145.79245283,154.283018868,154.358490566,158.188679245,166.566037736,166.79245283,159.849056604,151.132075472,156.981132075,161.245283019,161.132075472,164.358490566,166.433962264,164.301886792,159.226415094,
125.497942387,126.093278464,126.802469136,128.043895748,127.384087791,128.393689986,128.927297668,128.838134431,125.562414266,125.986282579,126.659807956,127.689986283,127.455418381,127.731138546,128.462277092,128.768175583,125.330589849,125.687242798,126.279835391,126.965706447,127.16872428,127.978052126,128.650205761,128.910836763,124.862825789,125.233196159,126.260631001,126.62962963,127.063100137,128.24005487,128.887517147,129.008230453,124.393689986,124.787379973,126.197530864,126.740740741,127.209876543,128.582990398,128.978052126,129.079561043,124.677640604,125.310013717,126.631001372,127.262002743,127.569272977,128.563786008,129.299039781,129.368998628,125.526748971,126.119341564,127.101508916,127.334705075,128.127572016,128.643347051,129.673525377,129.861454047,125.901234568,126.529492455,127.237311385,126.989026063,127.995884774,128.975308642,129.286694102,129.436213992,
119.813432836,118.779850746,113.947761194,110.149253731,109.559701493,108.149253731,106.156716418,106.179104478,122.638059701,120.298507463,113.776119403,110.149253731,110.98880597,108.03358209,103.634328358,106.839552239,125.212686567,122.309701493,113.735074627,112.529850746,114.813432836,109.388059701,104.608208955,108.149253731,127.21641791,123.932835821,116.824626866,116.664179104,118.167910448,112.402985075,109.369402985,111.690298507,130.02238806,125.910447761,122.014925373,121.910447761,121.339552239,115.328358209,115.246268657,116.72761194,132.962686567,127.701492537,126.313432836,126.694029851,123.649253731,119.186567164,119.746268657,120.380597015,134.694029851,130.832089552,128.906716418,128.753731343,127.152985075,123.921641791,121.660447761,122.638059701,133.097014925,133.992537313,131.235074627,129.380597015,129.291044776,127.496268657,123.044776119,124.276119403,
114.490250696,115.201949861,115.862116992,116.48189415,117.759052925,118.079387187,118.342618384,118.633704735,113.715877437,114.800835655,115.980501393,116.701949861,116.896935933,117.878830084,118.449860724,118.027855153,113.913649025,114.608635097,116.10724234,117.561281337,116.598885794,117.371866295,118.863509749,117.894150418,113.764623955,114.409470752,115.998607242,117.469359331,116.56545961,116.520891365,118.10724234,117.784122563,112.791086351,114.142061281,115.569637883,116.200557103,115.461002786,115.614206128,116.611420613,115.991643454,111.810584958,113.935933148,115.104456825,114.881615599,114.584958217,115.14902507,115.252089136,114.704735376,111.71448468,113.805013928,114.700557103,114.346796657,114.266016713,114.701949861,114.590529248,114.142061281,112.168523677,113.01810585,114.137883008,114.193593315,114.0,114.206128134,114.643454039,114.820334262,
110.263565891,106.937984496,101.906976744,100.387596899,104.914728682,112.031007752,124.271317829,138.76744186,110.131782946,103.100775194,98.7441860465,96.2170542636,101.054263566,111.976744186,127.728682171,142.341085271,108.813953488,101.829457364,95.007751938,93.5348837209,100.527131783,114.860465116,132.565891473,144.744186047,107.612403101,100.968992248,93.023255814,91.7674418605,103.007751938,118.325581395,135.162790698,145.596899225,105.92248062,100.751937984,92.4573643411,92.8217054264,105.294573643,120.069767442,136.302325581,145.248062016,104.573643411,100.852713178,93.4728682171,96.1085271318,107.984496124,119.635658915,136.333333333,146.07751938,104.403100775,99.0620155039,95.1860465116,101.100775194,110.465116279,121.875968992,137.480620155,145.88372093,102.953488372,99.6821705426,99.3643410853,106.015503876,113.550387597,122.108527132,135.682170543,143.550387597,
109.392086331,108.393884892,106.165467626,105.820143885,105.019784173,104.021582734,103.784172662,103.528776978,108.902877698,107.316546763,105.478417266,105.474820144,104.93705036,103.431654676,103.316546763,103.526978417,108.363309353,106.032374101,104.825539568,105.514388489,104.651079137,103.352517986,102.861510791,102.552158273,106.791366906,104.505395683,105.053956835,104.89028777,103.827338129,103.345323741,102.372302158,102.048561151,105.624100719,104.330935252,104.841726619,102.90647482,102.303956835,103.120503597,101.429856115,100.732014388,105.591726619,104.539568345,103.814748201,101.59352518,101.158273381,102.388489209,101.172661871,100.764388489,105.460431655,104.732014388,102.672661871,101.23381295,101.84352518,102.017985612,101.46942446,101.785971223,105.710431655,104.260791367,102.575539568,102.89028777,101.989208633,102.088129496,102.895683453,102.787769784,
80.3108108108,78.1148648649,77.8175675676,79.7027027027,79.8108108108,82.7297297297,86.6148648649,87.3378378378,80.1486486486,78.9256756757,80.3716216216,82.7702702703,82.5743243243,84.972972973,88.0472972973,90.1148648649,83.6148648649,83.1554054054,84.7364864865,86.6554054054,87.4391891892,89.0810810811,92.7837837838,94.7837837838,88.7837837838,89.277027027,91.3851351351,92.8445945946,95.4054054054,96.527027027,97.2635135135,100.614864865,92.3175675676,95.6081081081,98.9932432432,101.689189189,104.108108108,104.932432432,103.554054054,105.547297297,96.1891891892,100.310810811,104.236486486,108.635135135,110.27027027,111.540540541,111.445945946,111.722972973,100.094594595,102.621621622,104.655405405,109.27027027,114.932432432,116.074324324,116.283783784,116.324324324,103.148648649,102.959459459,104.202702703,109.689189189,116.804054054,118.709459459,117.939189189,117.27027027,
194.763157895,191.0,181.578947368,169.447368421,154.513157895,132.723684211,114.289473684,108.197368421,197.289473684,195.723684211,186.184210526,175.131578947,159.381578947,135.407894737,113.986842105,106.434210526,200.013157895,200.223684211,192.184210526,181.5,165.473684211,141.868421053,116.223684211,107.921052632,201.526315789,201.960526316,195.210526316,185.223684211,170.828947368,148.973684211,120.802631579,109.644736842,200.657894737,200.973684211,195.671052632,188.315789474,175.552631579,156.894736842,127.184210526,112.486842105,198.144736842,199.302631579,196.263157895,190.631578947,178.684210526,162.394736842,136.657894737,118.776315789,194.802631579,197.710526316,197.289473684,191.039473684,178.210526316,165.0,145.092105263,125.460526316,190.881578947,196.342105263,196.171052632,187.868421053,175.736842105,163.539473684,150.631578947,132.355263158,
160.012048193,156.126506024,151.524096386,142.512048193,133.072289157,126.289156627,120.590361446,114.481927711,159.403614458,157.289156627,152.451807229,143.204819277,133.65060241,127.93373494,120.15060241,112.120481928,161.855421687,160.240963855,152.048192771,142.548192771,134.897590361,128.246987952,119.993975904,112.15060241,166.078313253,161.668674699,150.518072289,142.475903614,135.493975904,128.295180723,119.993975904,113.746987952,167.855421687,161.180722892,149.319277108,141.63253012,136.222891566,128.259036145,120.253012048,115.210843373,166.210843373,160.120481928,149.295180723,142.608433735,136.915662651,128.873493976,121.192771084,116.487951807,163.746987952,159.180722892,151.198795181,144.06626506,136.801204819,129.43373494,122.801204819,116.36746988,161.331325301,156.204819277,150.795180723,143.524096386,135.63253012,130.036144578,124.228915663,115.542168675,
159.301369863,156.671232877,145.547945205,123.835616438,93.095890411,73.8767123288,77.3561643836,89.8630136986,164.109589041,162.095890411,150.698630137,128.219178082,93.2739726027,73.0684931507,72.7534246575,86.2054794521,166.945205479,166.534246575,155.493150685,133.767123288,95.698630137,73.4246575342,70.7123287671,83.4246575342,166.98630137,168.534246575,160.575342466,137.561643836,97.9589041096,74.0547945205,70.4657534247,80.3698630137,167.410958904,170.657534247,164.397260274,142.520547945,101.780821918,77.4931506849,71.8493150685,78.8767123288,168.876712329,172.164383562,168.410958904,148.863013699,108.534246575,79.5342465753,74.7534246575,79.6849315068,169.397260274,174.04109589,170.657534247,154.452054795,114.452054795,83.602739726,75.8767123288,80.4246575342,170.808219178,173.657534247,170.671232877,154.780821918,120.054794521,88.6712328767,78.4383561644,81.7534246575,
136.25,137.66,141.04,134.45,120.36,102.85,78.22,59.55,136.4,140.78,141.31,135.56,126.24,104.64,75.17,57.36,136.22,141.27,140.49,138.69,130.81,105.28,72.87,55.71,136.01,141.41,142.48,140.89,132.2,104.69,72.61,55.77,137.37,142.15,144.08,142.46,130.79,104.95,76.12,56.29,138.72,139.58,144.33,142.57,127.75,107.02,79.98,56.51,136.51,137.14,141.14,140.11,124.62,108.58,81.09,58.77,133.75,134.38,137.75,136.57,122.69,108.86,82.86,62.2,
159.34,166.08,167.36,170.56,168.66,171.5,171.32,167.78,160.84,166.86,169.22,171.86,167.06,168.54,171.36,167.8,151.5,156.9,163.16,161.92,155.52,157.78,159.52,154.32,128.9,132.78,137.4,139.46,131.72,129.22,129.84,126.34,100.44,101.92,101.86,101.6,94.2,91.06,89.76,89.0,75.9,75.46,72.52,70.64,65.74,63.32,63.5,64.0,55.12,53.7,52.36,51.08,49.18,47.5,47.12,48.6,43.84,43.66,42.3,42.46,41.38,39.96,39.36,40.28,
141.509259259,140.37037037,135.814814815,132.694444444,127.111111111,121.398148148,114.240740741,107.981481481,135.398148148,132.953703704,126.0,121.407407407,114.222222222,105.907407407,98.2777777778,92.7685185185,122.416666667,119.87037037,112.861111111,104.87962963,97.2962962963,92.3518518519,84.7314814815,79.4814814815,106.712962963,102.194444444,96.6388888889,87.9907407407,83.0740740741,80.037037037,73.5185185185,70.3425925926,91.8055555556,85.0925925926,80.5740740741,74.1388888889,69.2685185185,67.6759259259,64.3888888889,63.1666666667,78.0740740741,71.0740740741,68.5277777778,63.8981481481,59.2685185185,59.4166666667,58.5740740741,60.3425925926,68.9814814815,63.5740740741,60.5185185185,56.9351851852,55.7037037037,56.5277777778,56.1388888889,58.0092592593,65.712962963,59.3796296296,56.9814814815,54.7222222222,53.962962963,55.1296296296,55.2962962963,57.4074074074,
95.1538461538,93.8275862069,93.2864721485,92.6366047745,91.649867374,91.1061007958,94.2599469496,96.0477453581,94.6816976127,92.450928382,91.3262599469,92.6657824934,91.3448275862,91.1458885942,93.6180371353,94.5888594164,93.3342175066,90.7851458886,90.1352785146,91.5729442971,91.5119363395,92.5305039788,93.3023872679,93.5862068966,91.7586206897,89.7931034483,89.8806366048,89.8116710875,90.1220159151,92.5384615385,92.824933687,93.1299734748,90.2466843501,88.6551724138,89.3076923077,88.5039787798,87.9469496021,90.5092838196,92.0610079576,93.074270557,89.7718832891,88.275862069,87.225464191,86.7718832891,86.8620689655,87.899204244,91.1432360743,92.6366047745,89.9946949602,87.6843501326,85.175066313,85.8355437666,85.6180371353,86.350132626,89.9946949602,90.5649867374,89.6949602122,86.8779840849,85.4429708223,85.5066312997,84.4854111406,86.7161803714,88.9071618037,88.7029177719,
88.5566037736,86.5471698113,95.5754716981,94.6603773585,92.4528301887,87.820754717,68.7735849057,59.2924528302,83.9811320755,89.6132075472,98.0849056604,94.0754716981,96.5849056604,87.5471698113,63.7547169811,58.8773584906,81.7452830189,94.0283018868,98.1981132075,96.3490566038,100.575471698,83.141509434,61.5283018868,59.7075471698,82.5377358491,96.5471698113,99.9150943396,101.70754717,100.367924528,80.4245283019,65.3962264151,58.641509434,85.4339622642,97.9245283019,100.009433962,103.603773585,98.5283018868,81.7735849057,69.0377358491,56.4905660377,88.1886792453,95.3113207547,101.188679245,104.132075472,97.4339622642,85.5094339623,68.0283018868,57.2358490566,89.9622641509,92.7735849057,103.452830189,105.216981132,96.3490566038,86.2547169811,67.3679245283,61.2830188679,89.1132075472,93.7358490566,104.820754717,102.490566038,93.6886792453,86.3396226415,69.7641509434,66.8773584906,
77.55,76.9,96.55,125.4,164.175,177.675,177.95,171.925,76.05,73.825,91.275,120.75,166.375,181.375,181.4,174.625,75.775,69.45,83.425,111.0,162.525,182.65,183.1,178.275,74.475,67.875,74.675,102.075,156.525,181.4,182.9,180.85,74.575,68.025,69.05,93.9,148.375,177.925,179.75,178.9,77.65,68.9,66.8,84.2,140.15,171.7,176.225,177.225,82.2,71.025,66.225,75.425,128.725,162.7,172.225,176.275,85.3,75.65,67.425,72.9,117.925,153.625,170.775,175.55,
62.3689320388,67.0,80.9223300971,100.058252427,117.495145631,134.902912621,139.844660194,138.339805825,58.8446601942,64.0097087379,81.9805825243,105.048543689,126.27184466,140.40776699,141.912621359,140.029126214,54.3009708738,61.8737864078,83.8737864078,112.59223301,134.660194175,143.368932039,142.834951456,138.796116505,52.4660194175,60.9708737864,89.7475728155,122.45631068,141.252427184,143.13592233,142.262135922,138.533980583,52.4174757282,63.572815534,98.8349514563,131.572815534,143.883495146,140.291262136,140.466019417,139.184466019,54.8155339806,69.4174757282,106.165048544,136.611650485,143.13592233,139.436893204,140.359223301,139.038834951,60.2330097087,78.6213592233,111.815533981,136.621359223,141.27184466,140.233009709,137.844660194,137.825242718,69.6990291262,87.6310679612,115.873786408,135.893203883,139.446601942,138.466019417,136.349514563,138.077669903,
64.808988764,66.6179775281,71.3483146067,84.5393258427,103.820224719,121.191011236,136.314606742,145.629213483,59.6292134831,60.3483146067,65.6629213483,79.0674157303,100.269662921,121.426966292,139.820224719,145.898876404,56.9775280899,56.5393258427,60.9775280899,73.9101123596,96.7752808989,120.719101124,139.853932584,144.966292135,55.7752808989,53.3820224719,57.6853932584,68.7752808989,92.7528089888,120.348314607,139.483146067,146.314606742,55.0674157303,51.2921348315,55.0224719101,66.1011235955,88.2696629213,118.820224719,136.876404494,145.04494382,54.8202247191,50.5842696629,54.3370786517,63.8876404494,83.8314606742,114.191011236,132.235955056,141.460674157,54.1685393258,51.3483146067,55.8202247191,65.1123595506,81.9887640449,108.06741573,126.617977528,137.584269663,54.5617977528,53.1797752809,59.0112359551,68.595505618,81.9550561798,104.853932584,121.280898876,134.258426966,
39.3392857143,40.8035714286,43.8571428571,60.9285714286,88.4642857143,99.3214285714,100.339285714,98.2678571429,37.6428571429,39.125,42.4821428571,61.125,92.1607142857,106.267857143,102.196428571,100.142857143,37.4107142857,39.9642857143,44.5714285714,61.75,101.946428571,111.035714286,101.517857143,96.8392857143,37.6428571429,40.9642857143,47.4464285714,70.3571428571,113.392857143,114.982142857,99.75,90.875,37.9107142857,43.6071428571,52.8392857143,85.0,124.482142857,119.178571429,95.4285714286,83.625,40.4821428571,48.125,63.1071428571,98.25,125.053571429,114.625,90.7678571429,77.8035714286,45.875,56.1428571429,75.0535714286,99.6607142857,114.053571429,105.625,85.5535714286,76.9107142857,51.9285714286,63.0714285714,78.3035714286,96.8035714286,105.107142857,98.2142857143,84.0,79.5357142857,
64.34375,61.90625,60.1875,57.90625,61.046875,63.078125,62.703125,61.390625,63.015625,60.6875,59.671875,57.53125,58.296875,59.8125,58.921875,58.890625,68.21875,65.0,62.078125,62.28125,61.21875,60.234375,59.890625,59.5,80.578125,76.359375,73.59375,71.703125,68.640625,66.96875,64.234375,64.03125,99.828125,98.375,93.984375,90.171875,85.578125,82.875,76.828125,75.3125,122.015625,123.890625,118.234375,113.171875,108.53125,104.859375,98.21875,94.328125,140.4375,143.640625,137.265625,132.703125,129.1875,124.34375,116.765625,113.625,149.703125,151.09375,146.3125,143.375,140.1875,134.0,127.390625,125.640625,
36.2682926829,35.6341463415,34.487804878,34.9634146341,35.0609756098,34.8292682927,34.9390243902,36.7195121951,34.1707317073,33.6341463415,32.4390243902,32.7804878049,33.6951219512,33.743902439,34.1585365854,35.7195121951,34.1585365854,33.4146341463,33.256097561,34.4756097561,35.3292682927,35.5365853659,36.756097561,39.756097561,38.8048780488,37.3536585366,39.256097561,41.512195122,43.1829268293,44.8902439024,47.6951219512,50.8658536585,47.7682926829,46.8902439024,49.8414634146,55.0975609756,58.8292682927,61.0,63.5609756098,66.5975609756,63.9268292683,64.4390243902,69.2804878049,75.9146341463,81.2073170732,83.7195121951,85.8048780488,88.3292682927,88.0975609756,91.2804878049,95.7682926829,103.573170732,107.817073171,109.658536585,111.426829268,111.817073171,107.475609756,112.524390244,114.487804878,121.646341463,125.743902439,128.304878049,127.414634146,124.914634146,
76.9234693878,73.887755102,73.2908163265,75.137755102,76.2755102041,82.7193877551,92.8316326531,101.454081633,74.3826530612,71.6785714286,70.193877551,72.0051020408,75.1581632653,83.2091836735,95.1173469388,102.214285714,71.8673469388,69.5153061224,68.0051020408,70.5153061224,74.056122449,81.8724489796,94.5612244898,101.091836735,70.4387755102,67.7091836735,67.1581632653,69.7806122449,72.3163265306,79.0510204082,92.2704081633,99.5612244898,69.5459183673,68.1224489796,67.1581632653,68.4183673469,70.1581632653,77.7602040816,90.5357142857,99.0612244898,71.0408163265,68.5102040816,66.7040816327,67.6224489796,68.9489795918,76.9336734694,90.0102040816,98.8928571429,72.2551020408,67.862244898,66.3214285714,67.5663265306,70.4744897959,78.2704081633,88.5510204082,98.4183673469,73.0255102041,68.2653061224,67.3265306122,69.5102040816,71.7857142857,79.4489795918,87.2142857143,97.5051020408,
85.634751773,81.865248227,77.9858156028,74.1134751773,72.3085106383,70.2943262411,67.0531914894,67.5035460993,84.5815602837,81.5886524823,77.7375886525,74.0496453901,70.1843971631,67.8333333333,65.5035460993,66.0177304965,84.634751773,82.109929078,76.9858156028,72.6134751773,68.829787234,65.9042553191,65.1063829787,65.4468085106,84.7092198582,82.4858156028,75.7411347518,71.1241134752,67.5992907801,66.1205673759,65.0212765957,64.5141843972,84.0496453901,81.7269503546,75.0921985816,70.9468085106,68.0602836879,66.6985815603,64.3936170213,64.0496453901,83.134751773,80.7730496454,75.6737588652,72.3014184397,68.2872340426,66.5390070922,64.6560283688,64.8546099291,83.2127659574,81.5141843972,76.1489361702,71.8156028369,68.5638297872,66.8368794326,66.0638297872,66.5283687943,84.195035461,80.695035461,76.5460992908,72.2269503546,68.5106382979,67.609929078,67.7092198582,68.5567375887,
159.666666667,162.631578947,164.649122807,150.368421053,117.543859649,83.5614035088,57.6666666667,46.1052631579,160.403508772,165.280701754,164.578947368,143.333333333,105.964912281,69.8947368421,48.7543859649,41.5964912281,162.052631579,164.894736842,159.98245614,133.49122807,89.3333333333,56.0175438596,42.350877193,38.298245614,161.210526316,162.877192982,153.49122807,119.298245614,74.2105263158,49.0877192982,39.7543859649,37.350877193,161.0,156.350877193,140.245614035,105.140350877,63.3333333333,43.2807017544,37.8421052632,39.1754385965,160.228070175,146.50877193,127.01754386,94.5964912281,56.7368421053,39.2631578947,39.0350877193,40.6315789474,156.49122807,136.842105263,112.789473684,84.9473684211,51.4736842105,38.0350877193,41.2807017544,41.5964912281,149.526315789,128.578947368,101.245614035,77.0526315789,47.7368421053,40.3859649123,41.7543859649,43.4210526316,
130.031746032,122.936507937,104.396825397,84.2777777778,67.7777777778,61.880952381,60.4920634921,65.1825396825,132.952380952,126.793650794,104.738095238,82.0555555556,65.7142857143,59.3253968254,59.1111111111,63.9285714286,137.103174603,130.69047619,106.198412698,82.2301587302,65.5238095238,56.8333333333,59.0396825397,65.3571428571,139.76984127,132.03968254,108.317460317,84.1746031746,65.9047619048,58.0714285714,59.7063492063,66.126984127,140.166666667,130.603174603,110.03968254,85.2380952381,66.1904761905,59.7777777778,60.0873015873,66.5158730159,138.492063492,130.23015873,112.904761905,88.1825396825,69.0873015873,62.1507936508,61.9444444444,68.2619047619,136.261904762,131.174603175,113.515873016,88.7777777778,72.2222222222,66.4523809524,65.4365079365,70.7619047619,133.738095238,130.253968254,112.785714286,89.2222222222,76.753968254,70.373015873,68.9761904762,73.7063492063,
153.545454545,143.681818182,110.409090909,75.3181818182,49.1590909091,35.1590909091,31.5454545455,30.3181818182,156.431818182,143.590909091,101.181818182,64.75,40.5909090909,28.5227272727,26.5,27.6590909091,156.795454545,136.681818182,88.3181818182,54.1363636364,35.8409090909,26.1363636364,25.0454545455,26.9318181818,151.840909091,121.681818182,75.6590909091,48.3636363636,33.2045454545,24.7727272727,24.9545454545,26.2272727273,135.931818182,103.113636364,65.6363636364,42.8181818182,30.5227272727,24.4318181818,25.0454545455,27.2272727273,119.204545455,88.5454545455,58.0227272727,38.3181818182,29.4545454545,25.0,26.0,28.2954545455,104.181818182,78.0227272727,52.9772727273,36.5681818182,29.5,26.0681818182,27.7727272727,30.6818181818,93.5909090909,69.0227272727,48.6363636364,36.0909090909,29.25,27.4545454545,29.0681818182,33.0227272727,
68.5517241379,53.6034482759,43.7931034483,35.3448275862,31.3965517241,30.6379310345,31.3965517241,32.8965517241,75.2931034483,60.6034482759,45.5,35.7586206897,31.9482758621,30.5,30.6034482759,31.4137931034,83.8275862069,68.5689655172,49.8103448276,38.3103448276,32.5689655172,30.2931034483,30.1551724138,32.2586206897,92.6551724138,81.1896551724,59.8103448276,44.9310344828,36.1206896552,30.7413793103,32.0344827586,32.7068965517,104.310344828,99.0517241379,75.0,53.5172413793,39.9482758621,33.2931034483,32.6551724138,31.8620689655,115.534482759,113.293103448,86.2931034483,64.8275862069,45.5,36.1206896552,33.2586206897,31.0689655172,121.603448276,118.620689655,96.5344827586,74.724137931,52.5,39.6724137931,35.0689655172,33.1379310345,123.275862069,120.344827586,103.75862069,84.0172413793,59.6206896552,46.5172413793,39.4827586207,37.3275862069,
62.4478527607,63.0644171779,64.6411042945,64.9938650307,65.8067484663,68.7331288344,70.4110429448,72.3098159509,60.4478527607,61.2515337423,62.782208589,64.2331288344,65.763803681,68.2975460123,70.3006134969,71.2883435583,59.5644171779,60.2791411043,62.1717791411,64.2116564417,66.1319018405,68.1196319018,70.0858895706,71.1595092025,59.8834355828,59.9386503067,62.0306748466,64.3957055215,65.8190184049,68.0490797546,69.7300613497,71.282208589,61.0429447853,60.0521472393,61.8374233129,63.9171779141,65.6533742331,68.745398773,70.9233128834,72.2914110429,60.9079754601,60.8404907975,61.754601227,63.5398773006,66.0552147239,69.7024539877,72.0153374233,72.3128834356,61.2883435583,61.0521472393,61.9417177914,63.9785276074,66.6871165644,70.4662576687,72.1257668712,72.726993865,61.9079754601,61.990797546,63.1717791411,64.763803681,67.3865030675,70.9478527607,72.2300613497,74.1134969325,
65.3968668407,61.6109660574,60.1148825065,59.365535248,58.8276762402,58.407310705,57.8328981723,59.2010443864,63.8093994778,60.955613577,59.2140992167,59.2845953003,58.409921671,57.955613577,57.2428198433,58.2872062663,62.3733681462,60.3289817232,58.8459530026,59.3498694517,58.5770234987,57.592689295,57.407310705,58.091383812,61.7389033943,59.6240208877,58.9425587467,58.9060052219,58.046997389,57.5796344648,56.9895561358,57.953002611,61.2480417755,59.0783289817,58.8772845953,58.72845953,57.7075718016,57.0156657963,56.545691906,58.5300261097,60.9321148825,59.0574412533,58.9503916449,58.4438642298,57.8563968668,56.7571801567,56.684073107,58.5143603133,61.1723237598,59.4934725849,59.318537859,58.7232375979,57.911227154,56.4934725849,57.1879895561,59.0861618799,61.9138381201,59.9060052219,59.2767624021,59.2793733681,57.7154046997,57.5195822454,57.953002611,60.088772846,
36.0,34.8923076923,32.9538461538,36.9538461538,45.1384615385,63.8307692308,95.7384615385,112.215384615,34.6,33.0461538462,31.1846153846,35.5384615385,43.7692307692,65.5846153846,101.369230769,118.876923077,34.0615384615,31.8615384615,30.5076923077,34.6615384615,45.2153846154,69.1846153846,107.030769231,129.707692308,33.5384615385,31.6461538462,30.6307692308,34.3384615385,47.5846153846,73.1538461538,112.261538462,138.492307692,32.9230769231,31.0923076923,30.6461538462,36.3076923077,50.8923076923,77.4307692308,118.830769231,142.030769231,32.3538461538,31.2,31.8,39.6461538462,56.1692307692,83.4307692308,122.430769231,139.2,31.5384615385,31.2,34.0307692308,43.7692307692,65.7076923077,93.2,121.384615385,135.123076923,30.9076923077,31.8,36.8153846154,48.8769230769,74.9846153846,100.492307692,120.292307692,131.307692308,
29.806122449,29.612244898,30.3775510204,31.9183673469,35.2857142857,46.112244898,61.1734693878,78.0612244898,28.9795918367,29.2346938776,29.5102040816,30.693877551,33.4183673469,43.3775510204,61.7346938776,78.9285714286,29.3367346939,29.4183673469,29.0816326531,30.6734693878,33.0204081633,41.7448979592,62.3979591837,80.6020408163,29.1224489796,28.5510204082,29.2755102041,30.7448979592,32.3571428571,42.5612244898,61.8775510204,81.7857142857,28.6632653061,27.8775510204,29.3775510204,30.2142857143,33.0,42.5816326531,61.8163265306,85.612244898,28.0714285714,28.0612244898,28.9285714286,30.3469387755,33.8673469388,42.4489795918,63.8163265306,90.2448979592,27.9285714286,28.1428571429,28.5,30.306122449,34.9693877551,44.6734693878,69.6326530612,92.6632653061,29.0816326531,28.8265306122,29.5102040816,32.0714285714,37.8775510204,50.9285714286,75.8265306122,90.4285714286,
48.1268115942,47.1666666667,47.7210144928,48.0108695652,47.7862318841,47.615942029,47.3442028986,47.9782608696,47.5289855072,46.9565217391,47.1050724638,47.2536231884,47.3550724638,47.4492753623,47.1666666667,47.5,47.5942028986,46.9239130435,47.097826087,47.0543478261,47.7173913043,47.2572463768,47.1231884058,47.4311594203,47.5471014493,46.9094202899,46.8188405797,47.4456521739,48.4057971014,47.6268115942,47.5760869565,47.518115942,47.9528985507,46.7644927536,46.9202898551,48.0362318841,48.9094202899,47.9275362319,47.8152173913,47.8623188406,48.4057971014,47.1956521739,47.3768115942,48.5905797101,49.1811594203,48.8586956522,48.4384057971,48.5398550725,48.7572463768,47.9637681159,48.4673913043,49.365942029,49.4456521739,49.7173913043,49.2355072464,49.1376811594,49.8804347826,49.1811594203,49.8115942029,50.2173913043,50.4384057971,50.4492753623,50.6304347826,50.4601449275,
47.3795918367,45.2204081633,44.2775510204,44.0979591837,43.9265306122,42.9306122449,42.7632653061,42.7632653061,44.4244897959,42.8653061224,41.7755102041,41.1836734694,41.493877551,40.906122449,40.412244898,40.8326530612,43.3265306122,41.7795918367,40.0897959184,39.9306122449,39.8530612245,39.2448979592,39.387755102,39.6612244898,42.9551020408,40.7632653061,39.6653061224,39.1959183673,38.3224489796,38.0244897959,37.9632653061,39.2530612245,42.306122449,40.0163265306,39.0653061224,38.412244898,37.4734693878,37.2326530612,37.0408163265,38.6489795918,41.4448979592,39.7551020408,38.4571428571,37.5959183673,37.4897959184,36.8163265306,37.1959183673,38.493877551,41.0326530612,39.5755102041,38.1142857143,37.5714285714,37.0326530612,36.5714285714,37.1510204082,37.7918367347,41.1959183673,39.3673469388,38.7102040816,38.0204081633,37.3346938776,37.0448979592,37.0040816327,37.8979591837,
32.4557522124,31.7787610619,31.4557522124,31.3938053097,31.0044247788,31.0398230088,31.9513274336,32.7699115044,32.1017699115,31.2610619469,31.2123893805,30.9203539823,31.2743362832,31.2300884956,31.6681415929,33.2654867257,31.6061946903,31.0265486726,31.0486725664,31.2787610619,31.6371681416,31.5619469027,31.9115044248,33.4646017699,31.8761061947,31.2300884956,31.5575221239,31.3451327434,31.9690265487,32.5265486726,32.6150442478,33.3495575221,31.7345132743,31.4292035398,32.1061946903,32.3053097345,32.5707964602,33.1681415929,33.2566371681,33.8185840708,32.8539823009,32.3274336283,32.7433628319,33.3982300885,33.6194690265,34.7610619469,34.4955752212,34.685840708,33.9115044248,33.3584070796,33.7389380531,34.5973451327,34.8805309735,36.1504424779,36.0088495575,36.4513274336,34.7920353982,34.4026548673,34.6017699115,34.9557522124,36.0884955752,36.3716814159,37.1283185841,38.2256637168,
26.3989361702,26.1808510638,26.8670212766,27.3244680851,27.2553191489,28.8404255319,30.9893617021,34.3829787234,25.335106383,25.8244680851,25.7180851064,26.2606382979,26.2819148936,26.9946808511,28.9680851064,32.9521276596,25.5691489362,25.3776595745,25.2287234043,25.3404255319,25.4361702128,26.1861702128,27.4680851064,31.1968085106,25.8829787234,25.3031914894,24.670212766,24.6914893617,24.9893617021,25.3617021277,26.4946808511,29.4574468085,26.1968085106,24.5957446809,24.3670212766,24.3936170213,24.7234042553,25.2659574468,25.8191489362,28.7180851064,26.3138297872,25.2446808511,24.3989361702,24.2340425532,24.7446808511,25.2978723404,26.0585106383,28.835106383,27.2340425532,25.9095744681,24.3829787234,24.2446808511,24.8829787234,25.5159574468,26.3457446809,29.2659574468,28.3617021277,26.7872340426,25.2021276596,25.1436170213,24.7925531915,25.7819148936,26.8723404255,29.420212766,
107.382352941,102.014705882,101.073529412,91.75,84.9411764706,81.5147058824,72.4852941176,66.6176470588,94.1764705882,86.2205882353,82.5441176471,76.3235294118,70.6470588235,67.25,59.8088235294,56.8970588235,79.5441176471,71.0,66.8529411765,65.0441176471,58.9411764706,54.9558823529,52.7058823529,50.5294117647,66.5588235294,60.25,58.5882352941,56.1617647059,51.4705882353,47.9411764706,45.3970588235,44.9558823529,57.2352941176,54.5,52.75,48.0588235294,46.1176470588,44.5147058824,39.3970588235,39.8823529412,53.5882352941,49.6911764706,46.4558823529,43.7647058824,42.8823529412,40.5,37.8382352941,37.5441176471,50.5294117647,46.0735294118,42.6029411765,40.5882352941,39.5441176471,39.0441176471,37.9558823529,38.1176470588,47.5735294118,41.7794117647,41.7941176471,39.7647058824,38.6617647059,38.9852941176,39.0,38.0294117647,
76.9696969697,63.196969697,42.9545454545,30.6666666667,23.3333333333,19.4696969697,18.9848484848,19.1212121212,73.2878787879,57.2121212121,38.2878787879,26.6666666667,21.5151515152,19.5151515152,18.5303030303,19.0909090909,67.9242424242,50.0909090909,33.6818181818,24.5,20.4696969697,18.8333333333,18.2272727273,19.0,62.6515151515,44.0454545455,31.3939393939,23.3333333333,20.4696969697,18.6818181818,18.0757575758,18.6363636364,58.2878787879,42.0909090909,30.6363636364,23.6212121212,20.5454545455,19.1515151515,18.3181818182,18.9545454545,55.5151515152,41.5303030303,31.0606060606,23.9545454545,20.7272727273,19.2121212121,18.5757575758,19.3484848485,55.0454545455,41.5454545455,30.6818181818,24.3333333333,20.9545454545,19.2727272727,18.9848484848,19.8636363636,54.4090909091,42.5151515152,32.5909090909,25.2727272727,21.696969697,19.6818181818,19.8484848485,20.5303030303,
16.7678571429,15.6392857143,15.6571428571,15.5964285714,15.775,15.8428571429,15.7928571429,16.2642857143,16.1892857143,15.3357142857,15.2571428571,15.3857142857,15.5535714286,15.55,15.4321428571,15.9357142857,16.2214285714,15.3178571429,15.1607142857,15.0892857143,15.1607142857,15.3178571429,15.2428571429,16.0035714286,16.1392857143,15.2642857143,15.0571428571,14.9464285714,14.9214285714,14.9714285714,15.025,16.1357142857,16.2285714286,15.2892857143,15.05,14.9535714286,14.8,14.8964285714,14.9928571429,16.2214285714,16.5571428571,15.5892857143,15.2071428571,14.9535714286,14.7464285714,14.7857142857,14.9,16.5464285714,17.0714285714,16.0142857143,15.375,15.0178571429,14.75,14.8178571429,14.8928571429,16.7285714286,17.6607142857,16.6535714286,15.8928571429,15.3357142857,15.0214285714,15.2071428571,15.5285714286,17.4714285714,
11.9563106796,11.7427184466,11.6626213592,11.677184466,11.6601941748,11.75,11.8373786408,12.2524271845,11.7160194175,11.5800970874,11.5412621359,11.572815534,11.5169902913,11.5582524272,11.5825242718,11.9053398058,11.536407767,11.4466019417,11.3883495146,11.3883495146,11.4393203883,11.4393203883,11.4902912621,11.6990291262,11.4538834951,11.3810679612,11.3398058252,11.3058252427,11.322815534,11.3810679612,11.3834951456,11.4757281553,11.4951456311,11.4393203883,11.4126213592,11.3616504854,11.3398058252,11.3131067961,11.3665048544,11.4854368932,11.5849514563,11.5194174757,11.4805825243,11.4417475728,11.4174757282,11.4296116505,11.4199029126,11.567961165,11.6432038835,11.5315533981,11.5703883495,11.567961165,11.572815534,11.5121359223,11.4951456311,11.6893203883,11.9587378641,11.8131067961,11.7548543689,11.75,11.7330097087,11.7402912621,11.6796116505,12.0752427184,
