217.27184466,217.262135922,217.398058252,218.349514563,218.912621359,219.446601942,218.990291262,217.097087379,218.45631068,219.194174757,218.873786408,218.86407767,218.650485437,219.038834951,219.631067961,218.766990291,218.097087379,219.757281553,220.009708738,219.922330097,219.194174757,218.737864078,218.834951456,218.990291262,217.689320388,219.213592233,220.145631068,220.922330097,220.45631068,219.242718447,218.427184466,217.941747573,218.13592233,217.990291262,218.932038835,220.427184466,220.912621359,220.233009709,219.54368932,218.427184466,219.262135922,218.689320388,218.116504854,218.854368932,219.59223301,220.13592233,220.621359223,219.262135922,219.242718447,219.563106796,218.990291262,218.485436893,217.844660194,218.359223301,219.932038835,219.718446602,217.45631068,219.058252427,219.417475728,218.631067961,217.40776699,216.495145631,217.291262136,217.601941748,
208.906432749,209.801169591,211.011695906,211.871345029,211.608187135,211.239766082,211.239766082,210.918128655,209.093567251,210.052631579,211.122807018,212.169590643,212.111111111,212.128654971,211.941520468,211.415204678,209.18128655,210.16374269,210.994152047,211.883040936,212.538011696,212.602339181,212.555555556,211.754385965,209.333333333,210.333333333,211.350877193,211.719298246,212.479532164,212.713450292,212.578947368,212.339181287,209.678362573,210.701754386,211.789473684,212.099415205,212.16374269,212.058479532,212.228070175,212.356725146,209.964912281,210.461988304,211.918128655,212.415204678,212.058479532,212.052631579,211.941520468,212.087719298,209.081871345,210.380116959,211.403508772,211.988304094,212.228070175,212.099415205,211.461988304,210.906432749,208.596491228,209.502923977,210.602339181,211.216374269,211.432748538,211.34502924,210.222222222,209.157894737,
211.307692308,213.282051282,213.666666667,213.41025641,212.256410256,206.743589744,199.153846154,192.076923077,212.692307692,214.0,212.102564103,211.333333333,211.769230769,208.871794872,201.58974359,189.717948718,214.641025641,215.717948718,212.076923077,209.692307692,207.974358974,206.256410256,199.794871795,184.641025641,212.384615385,215.487179487,213.743589744,209.435897436,204.512820513,201.282051282,196.282051282,181.076923077,207.846153846,213.769230769,213.692307692,209.461538462,203.820512821,196.897435897,190.743589744,176.794871795,207.153846154,209.666666667,211.641025641,209.076923077,199.58974359,190.820512821,184.769230769,169.179487179,207.461538462,205.615384615,206.923076923,206.435897436,194.794871795,183.538461538,174.256410256,157.435897436,205.102564103,199.820512821,197.230769231,199.461538462,188.820512821,176.256410256,165.358974359,147.974358974,
202.284090909,203.329545455,203.698863636,204.198863636,204.164772727,203.778409091,203.221590909,201.6875,202.659090909,203.704545455,203.897727273,204.3125,204.579545455,204.215909091,203.693181818,202.397727273,202.511363636,203.363636364,203.840909091,204.551136364,204.823863636,204.488636364,203.897727273,202.767045455,202.431818182,203.573863636,204.090909091,204.340909091,204.568181818,204.642045455,204.761363636,203.971590909,202.409090909,203.931818182,204.051136364,203.920454545,204.392045455,204.886363636,205.5625,204.352272727,202.079545455,203.721590909,204.244318182,204.4375,204.994318182,205.170454545,204.607954545,204.147727273,201.869318182,203.0625,203.863636364,204.676136364,205.125,204.659090909,204.289772727,204.323863636,201.590909091,202.517045455,203.636363636,204.136363636,204.215909091,204.289772727,204.573863636,204.698863636,
212.846153846,208.230769231,200.923076923,187.153846154,166.769230769,134.076923077,107.0,101.307692308,215.076923077,212.538461538,205.461538462,191.615384615,174.230769231,143.846153846,109.153846154,97.8461538462,215.230769231,213.538461538,208.846153846,198.461538462,181.538461538,154.846153846,118.230769231,99.2307692308,215.230769231,214.0,211.076923077,205.307692308,194.153846154,169.769230769,134.0,105.615384615,215.846153846,215.076923077,213.076923077,209.692307692,202.692307692,184.461538462,152.846153846,117.384615385,215.846153846,215.615384615,213.384615385,211.076923077,206.692307692,194.307692308,168.384615385,135.0,215.769230769,215.153846154,214.0,211.692307692,209.230769231,200.846153846,180.230769231,150.0,215.384615385,215.307692308,214.923076923,212.615384615,210.076923077,203.307692308,187.615384615,163.307692308,
191.538461538,193.692307692,196.653846154,197.653846154,195.923076923,188.0,179.769230769,176.076923077,197.230769231,195.576923077,197.346153846,198.807692308,195.115384615,188.692307692,177.461538462,169.269230769,200.615384615,199.615384615,197.961538462,196.076923077,194.269230769,188.192307692,174.615384615,157.192307692,200.961538462,201.923076923,198.115384615,193.538461538,191.884615385,184.076923077,165.0,137.038461538,201.153846154,200.769230769,193.461538462,192.423076923,188.230769231,175.230769231,142.961538462,116.192307692,202.538461538,200.192307692,193.5,189.115384615,178.538461538,154.961538462,124.846153846,105.807692308,198.923076923,200.653846154,195.692307692,180.076923077,157.576923077,130.5,108.346153846,103.5,192.730769231,197.615384615,190.923076923,163.192307692,133.192307692,112.0,102.692307692,103.576923077,
188.614973262,189.160427807,191.294117647,193.176470588,193.053475936,194.005347594,194.390374332,193.187165775,190.187165775,192.037433155,193.636363636,194.304812834,194.181818182,194.834224599,195.855614973,194.326203209,192.144385027,193.406417112,194.28342246,194.930481283,194.898395722,195.818181818,196.593582888,195.0,193.101604278,193.721925134,194.454545455,195.673796791,196.262032086,196.14973262,196.631016043,195.695187166,193.326203209,194.395721925,195.032085561,196.390374332,196.727272727,196.13368984,196.609625668,196.160427807,194.181818182,195.240641711,196.037433155,196.481283422,196.893048128,197.128342246,197.647058824,197.299465241,195.22459893,196.069518717,196.294117647,196.727272727,197.700534759,198.144385027,197.86631016,197.101604278,195.502673797,196.240641711,197.139037433,197.871657754,198.422459893,197.903743316,196.839572193,196.390374332,
196.02173913,199.130434783,203.782608696,199.934782609,199.195652174,201.52173913,198.913043478,198.782608696,196.543478261,197.086956522,202.108695652,201.956521739,199.739130435,200.086956522,198.065217391,195.086956522,196.108695652,195.282608696,199.152173913,202.739130435,197.565217391,196.195652174,196.913043478,193.869565217,191.804347826,193.195652174,195.108695652,198.391304348,195.304347826,192.586956522,194.282608696,192.130434783,187.847826087,186.934782609,186.739130435,190.586956522,191.086956522,190.891304348,191.130434783,188.434782609,181.826086957,180.673913043,176.97826087,183.282608696,189.717391304,187.195652174,185.717391304,187.173913043,175.826086957,175.369565217,172.304347826,176.782608696,183.586956522,183.913043478,182.673913043,184.304347826,173.0,171.586956522,172.934782609,171.0,172.739130435,179.97826087,182.239130435,180.782608696,
185.967948718,187.705128205,186.128205128,185.576923077,183.903846154,181.121794872,181.08974359,181.320512821,186.442307692,188.365384615,185.506410256,184.256410256,184.019230769,181.858974359,181.615384615,183.615384615,186.442307692,187.416666667,184.801282051,183.467948718,184.384615385,183.076923077,182.58974359,182.378205128,185.153846154,185.724358974,185.391025641,184.224358974,185.320512821,184.435897436,181.807692308,179.974358974,184.365384615,186.384615385,187.288461538,185.038461538,184.314102564,184.179487179,181.58974359,178.448717949,185.307692308,187.282051282,187.333333333,184.378205128,182.929487179,183.737179487,182.923076923,179.602564103,187.057692308,186.237179487,185.070512821,184.33974359,182.717948718,182.987179487,182.58974359,180.608974359,186.474358974,184.487179487,183.326923077,184.641025641,183.096153846,181.044871795,181.025641026,180.256410256,
174.251497006,174.065868263,177.221556886,177.994011976,178.508982036,182.988023952,183.155688623,181.74251497,174.293413174,174.251497006,177.856287425,178.538922156,180.05988024,184.113772455,182.586826347,182.011976048,175.365269461,176.898203593,178.562874251,179.28742515,181.005988024,182.74251497,182.598802395,183.443113772,176.658682635,178.676646707,178.419161677,179.119760479,181.808383234,182.041916168,182.838323353,184.832335329,177.245508982,178.437125749,177.125748503,179.814371257,182.892215569,181.51497006,183.155688623,184.299401198,176.45508982,176.886227545,177.209580838,180.976047904,183.035928144,181.293413174,183.083832335,182.407185629,175.832335329,176.718562874,179.706586826,180.910179641,180.700598802,181.724550898,182.97005988,181.383233533,176.71257485,177.473053892,180.269461078,180.077844311,179.419161677,182.77245509,181.664670659,180.550898204,
175.19047619,175.083333333,174.053571429,175.148809524,173.81547619,171.398809524,173.636904762,172.904761905,175.154761905,176.023809524,174.035714286,174.452380952,174.970238095,172.5,172.619047619,173.375,173.601190476,175.803571429,175.916666667,173.851190476,174.613095238,174.023809524,171.625,172.511904762,173.25,175.208333333,176.946428571,173.077380952,173.083333333,174.767857143,171.857142857,171.303571429,173.81547619,174.142857143,175.803571429,172.791666667,171.56547619,173.994047619,173.0,171.142857143,174.785714286,173.214285714,172.68452381,173.226190476,172.19047619,171.761904762,173.339285714,172.130952381,174.446428571,172.791666667,170.202380952,173.678571429,173.023809524,170.017857143,171.827380952,172.720238095,172.80952381,172.55952381,169.970238095,172.392857143,172.148809524,169.428571429,170.720238095,171.898809524,
172.803418803,176.273504274,174.743589744,171.418803419,169.042735043,166.264957265,164.564102564,157.504273504,175.094017094,173.709401709,174.051282051,172.256410256,166.487179487,167.094017094,163.88034188,156.888888889,175.478632479,172.085470085,171.52991453,173.367521368,166.136752137,165.64957265,162.239316239,159.034188034,174.735042735,172.64957265,169.401709402,172.094017094,169.367521368,163.512820513,160.102564103,163.153846154,173.905982906,173.658119658,168.641025641,168.931623932,169.222222222,162.418803419,160.41025641,163.538461538,170.692307692,171.820512821,168.547008547,165.196581197,166.572649573,163.888888889,162.222222222,159.581196581,169.401709402,166.965811966,170.658119658,165.52991453,161.111111111,166.897435897,162.743589744,151.965811966,168.786324786,165.136752137,170.452991453,165.239316239,159.58974359,165.35042735,160.11965812,150.0,
142.378378378,150.810810811,165.432432432,181.864864865,194.594594595,202.027027027,204.945945946,203.621621622,143.054054054,150.324324324,166.162162162,184.864864865,197.0,203.243243243,204.621621622,201.594594595,144.297297297,150.027027027,166.621621622,185.864864865,196.378378378,202.054054054,203.432432432,201.918918919,146.135135135,152.864864865,167.351351351,185.216216216,196.027027027,199.837837838,202.108108108,203.486486486,148.486486486,156.243243243,168.540540541,184.918918919,195.108108108,199.972972973,202.459459459,203.0,149.648648649,158.864864865,169.72972973,183.540540541,192.972972973,199.432432432,202.081081081,203.216216216,148.756756757,159.189189189,169.837837838,182.324324324,190.648648649,198.027027027,201.783783784,203.054054054,148.702702703,160.0,171.216216216,181.837837838,188.945945946,197.216216216,201.459459459,201.756756757,
127.911111111,125.222222222,127.911111111,134.311111111,142.355555556,149.688888889,158.733333333,168.444444444,130.355555556,127.711111111,133.133333333,144.555555556,155.888888889,167.0,173.288888889,178.288888889,137.977777778,139.133333333,145.666666667,157.333333333,170.733333333,181.244444444,185.888888889,185.911111111,147.444444444,154.311111111,162.044444444,170.888888889,182.666666667,189.8,192.644444444,191.644444444,157.088888889,168.488888889,177.733333333,183.244444444,188.333333333,192.088888889,193.911111111,192.577777778,168.266666667,180.2,187.444444444,189.711111111,189.622222222,191.244444444,192.2,190.577777778,179.555555556,188.177777778,191.266666667,191.333333333,190.177777778,188.888888889,189.444444444,188.555555556,186.911111111,190.422222222,192.066666667,191.222222222,189.666666667,187.533333333,186.466666667,184.777777778,
94.1481481481,91.6666666667,89.1851851852,87.6666666667,87.2222222222,87.1111111111,88.4814814815,91.7777777778,104.703703704,100.148148148,96.7037037037,92.7037037037,92.0740740741,92.5925925926,95.8148148148,102.037037037,121.777777778,118.222222222,114.37037037,109.962962963,107.777777778,109.814814815,113.703703704,119.111111111,141.666666667,142.37037037,142.148148148,139.222222222,138.962962963,139.814814815,140.666666667,143.185185185,163.259259259,166.925925926,169.925925926,172.148148148,172.555555556,170.222222222,168.333333333,167.0,180.592592593,185.037037037,189.962962963,193.111111111,193.444444444,190.62962963,186.703703704,183.111111111,191.296296296,194.740740741,197.62962963,199.518518519,201.37037037,198.814814815,194.37037037,190.222222222,198.555555556,199.407407407,199.703703704,200.888888889,201.111111111,199.814814815,198.148148148,192.851851852,
73.4736842105,68.9210526316,66.5,64.4736842105,63.7368421053,67.7631578947,73.6842105263,75.2631578947,71.1842105263,66.6315789474,66.8947368421,62.2105263158,64.7105263158,72.5789473684,76.6052631579,78.1052631579,76.2105263158,70.2894736842,70.2105263158,69.9736842105,72.0263157895,82.2368421053,86.2894736842,85.6578947368,89.7894736842,89.0789473684,88.3684210526,87.5526315789,90.8684210526,99.7894736842,103.421052632,100.236842105,109.921052632,116.026315789,116.0,114.684210526,116.868421053,123.710526316,127.157894737,119.473684211,129.684210526,137.526315789,141.052631579,140.368421053,140.526315789,146.026315789,144.289473684,134.342105263,145.263157895,151.526315789,157.078947368,154.394736842,154.868421053,159.868421053,151.657894737,141.368421053,157.394736842,157.394736842,160.0,163.447368421,164.263157895,159.657894737,149.684210526,149.131578947,
157.006622517,160.258278146,164.324503311,165.42384106,168.344370861,173.370860927,173.0,174.456953642,157.82781457,159.701986755,162.304635762,166.099337748,169.158940397,172.841059603,173.529801325,174.17218543,157.622516556,159.490066225,162.046357616,166.40397351,170.284768212,172.198675497,173.42384106,173.794701987,157.033112583,158.854304636,162.708609272,166.947019868,169.841059603,172.132450331,174.112582781,173.662251656,155.907284768,158.443708609,163.40397351,167.311258278,170.112582781,171.774834437,173.78807947,174.337748344,156.198675497,158.609271523,162.675496689,166.854304636,169.21192053,171.966887417,173.960264901,174.516556291,156.370860927,159.225165563,162.198675497,166.417218543,169.185430464,171.801324503,174.119205298,174.860927152,156.185430464,159.013245033,162.132450331,165.61589404,169.748344371,171.635761589,173.503311258,174.026490066,
160.52360515,160.542918455,160.478540773,160.725321888,161.122317597,160.989270386,159.424892704,160.508583691,160.216738197,160.830472103,161.530042918,160.517167382,161.682403433,161.152360515,160.399141631,161.448497854,160.433476395,161.858369099,161.173819742,161.124463519,162.051502146,160.600858369,161.755364807,161.665236052,160.821888412,162.457081545,161.330472103,161.409871245,161.991416309,160.658798283,162.454935622,161.596566524,161.495708155,162.373390558,161.52360515,162.420600858,161.053648069,160.967811159,162.665236052,161.111587983,161.935622318,162.066523605,162.105150215,162.364806867,160.600858369,161.341201717,161.813304721,161.317596567,161.660944206,162.180257511,162.515021459,161.708154506,161.321888412,161.650214592,161.467811159,161.75751073,161.598712446,161.78111588,162.060085837,161.875536481,162.0472103,161.369098712,161.309012876,161.278969957,
137.0625,185.0625,136.4375,141.6875,194.53125,129.5625,149.59375,187.5625,160.0,177.28125,121.3125,174.125,175.9375,116.4375,182.8125,168.21875,181.6875,151.28125,127.8125,196.6875,141.875,131.84375,199.25,137.4375,187.0625,126.1875,158.34375,191.65625,114.28125,167.375,187.59375,113.46875,169.3125,121.15625,189.03125,160.8125,116.6875,198.84375,148.71875,119.84375,145.4375,141.09375,198.71875,123.90625,147.90625,202.03125,113.96875,149.625,129.375,173.125,176.75,110.65625,189.34375,164.03125,108.875,189.0,139.375,186.78125,142.6875,135.375,200.4375,125.375,139.1875,196.15625,
154.008333333,153.560416667,154.291666667,154.797916667,155.36875,154.06875,154.583333333,154.333333333,153.697916667,154.883333333,154.004166667,154.291666667,155.433333333,153.675,153.95,154.55,153.395833333,155.502083333,153.76875,153.4625,154.752083333,154.04375,153.591666667,153.977083333,152.625,154.71875,154.01875,153.46875,153.329166667,154.475,154.239583333,153.329166667,152.164583333,153.10625,154.183333333,154.279166667,152.725,153.741666667,154.716666667,153.25625,151.9625,152.1875,153.566666667,154.114583333,152.86875,152.7625,154.441666667,153.520833333,151.239583333,152.066666667,152.422916667,153.033333333,153.152083333,152.304166667,153.2125,153.3625,150.941666667,152.066666667,151.427083333,151.610416667,153.195833333,152.50625,151.564583333,152.316666667,
190.125,140.6875,144.3125,192.5625,115.96875,175.75,169.46875,115.46875,189.875,121.34375,175.15625,169.6875,115.375,198.09375,136.125,138.65625,168.96875,119.40625,199.40625,133.53125,143.03125,198.625,109.4375,176.4375,136.09375,147.90625,198.65625,106.15625,183.53125,166.28125,115.6875,203.5,116.84375,183.0625,167.53125,114.25,206.5625,128.375,149.0625,196.21875,121.75,201.375,130.3125,149.4375,196.03125,108.375,187.75,163.78125,148.53125,194.75,110.25,184.90625,163.9375,122.40625,204.21875,129.875,183.65625,160.21875,124.4375,204.34375,124.46875,163.53125,187.40625,114.5,
177.619047619,127.761904762,155.571428571,197.285714286,127.047619048,119.0,195.476190476,154.80952381,155.666666667,128.476190476,181.619047619,176.047619048,108.285714286,158.666666667,192.047619048,115.619047619,126.571428571,148.80952381,200.571428571,132.19047619,116.19047619,195.047619048,161.047619048,91.2857142857,120.476190476,187.380952381,176.333333333,101.238095238,160.523809524,195.666666667,114.095238095,107.761904762,140.285714286,204.380952381,135.238095238,108.571428571,192.857142857,167.047619048,92.4285714286,144.0,182.80952381,181.952380952,99.4285714286,151.285714286,199.428571429,119.238095238,102.666666667,183.238095238,200.0,135.380952381,109.952380952,189.333333333,163.19047619,95.619047619,145.333333333,183.952380952,174.095238095,104.0,147.285714286,192.904761905,119.428571429,109.285714286,178.428571429,150.0,
139.019011407,141.460076046,141.901140684,139.517110266,142.498098859,147.11026616,146.923954373,146.593155894,137.353612167,139.779467681,144.844106464,143.133079848,142.357414449,146.809885932,148.840304183,147.448669202,138.718631179,140.106463878,146.384030418,147.593155894,145.178707224,146.494296578,149.197718631,148.965779468,143.326996198,142.669201521,145.296577947,150.707224335,149.47148289,146.247148289,148.159695817,149.6121673,147.326996198,146.866920152,144.954372624,150.634980989,151.996197719,148.121673004,145.908745247,148.296577947,148.053231939,149.961977186,147.615969582,148.547528517,151.038022814,151.593155894,146.490494297,145.939163498,148.498098859,150.418250951,150.969581749,147.414448669,148.239543726,151.794676806,147.988593156,144.885931559,149.106463878,149.859315589,150.501901141,147.74904943,147.266159696,149.273764259,148.684410646,146.391634981,
141.709677419,142.002304147,141.241935484,141.569124424,141.297235023,140.571428571,140.329493088,139.83640553,142.188940092,141.506912442,140.112903226,141.30875576,141.571428571,140.046082949,140.246543779,140.596774194,141.14516129,140.467741935,140.377880184,140.751152074,141.036866359,140.133640553,140.253456221,140.716589862,139.246543779,139.299539171,141.294930876,141.00921659,139.435483871,139.958525346,140.30875576,140.161290323,138.695852535,138.822580645,140.914746544,140.599078341,138.359447005,138.283410138,140.426267281,140.17281106,139.258064516,138.633640553,138.403225806,139.3640553,139.002304147,137.486175115,139.205069124,140.615207373,137.896313364,139.02764977,136.896313364,137.647465438,140.01843318,137.778801843,137.68202765,139.735023041,137.016129032,138.684331797,137.101382488,137.324884793,139.31797235,138.725806452,137.557603687,138.048387097,
163.0,164.711111111,157.155555556,140.755555556,124.666666667,123.555555556,116.8,121.266666667,165.266666667,163.111111111,152.133333333,133.666666667,113.688888889,112.888888889,114.111111111,127.377777778,157.822222222,153.288888889,142.2,125.266666667,107.488888889,113.511111111,118.111111111,134.288888889,145.155555556,137.755555556,130.2,119.777777778,111.2,120.555555556,125.8,143.733333333,133.933333333,118.333333333,119.488888889,117.177777778,119.911111111,135.466666667,142.844444444,160.6,125.577777778,109.4,114.444444444,120.0,133.066666667,152.4,160.822222222,173.422222222,118.977777778,111.466666667,119.511111111,127.155555556,149.377777778,165.377777778,173.622222222,178.466666667,119.133333333,119.377777778,131.111111111,138.733333333,159.733333333,169.777777778,176.355555556,174.466666667,
106.586206897,149.517241379,186.275862069,106.75862069,102.137931034,177.24137931,142.827586207,76.7586206897,112.137931034,177.965517241,159.448275862,85.724137931,136.655172414,180.551724138,104.448275862,86.3448275862,137.448275862,191.310344828,119.689655172,88.8275862069,171.344827586,158.0,78.275862069,116.103448276,172.827586207,167.75862069,85.9310344828,126.0,184.24137931,113.137931034,81.6206896552,149.620689655,193.793103448,128.482758621,85.4137931034,164.655172414,162.413793103,84.1034482759,111.724137931,156.0,175.896551724,93.4482758621,117.103448276,182.344827586,123.310344828,81.724137931,144.0,138.862068966,138.620689655,91.8275862069,152.75862069,162.448275862,94.4482758621,112.620689655,150.586206897,104.931034483,103.517241379,115.793103448,171.137931034,127.931034483,91.4137931034,141.275862069,134.344827586,89.4827586207,
127.309090909,128.101818182,128.24,129.792727273,131.898181818,133.083636364,130.927272727,131.763636364,127.654545455,128.265454545,129.050909091,130.134545455,130.992727273,132.210909091,132.6,132.330909091,127.52,129.214545455,129.898181818,129.970909091,130.727272727,131.727272727,133.312727273,133.003636364,128.341818182,129.276363636,130.723636364,129.665454545,131.232727273,130.221818182,132.094545455,133.952727273,130.305454545,128.76,129.563636364,130.294545455,131.330909091,130.189090909,130.458181818,134.083636364,130.883636364,129.694545455,127.985454545,130.410909091,130.974545455,129.901818182,131.450909091,133.4,130.287272727,129.672727273,128.105454545,130.632727273,131.963636364,129.749090909,132.294545455,134.014545455,130.498181818,129.032727273,129.578181818,130.712727273,131.767272727,131.490909091,131.454545455,133.581818182,
125.795366795,124.861003861,125.930501931,126.621621622,122.953667954,121.555984556,123.455598456,121.277992278,126.617760618,125.324324324,124.984555985,126.351351351,124.243243243,121.11969112,121.776061776,121.583011583,126.787644788,125.617760618,123.918918919,123.938223938,124.223938224,123.285714286,120.969111969,120.648648649,124.22007722,125.884169884,124.664092664,122.266409266,122.613899614,125.428571429,122.656370656,119.687258687,120.571428571,123.853281853,126.212355212,122.540540541,120.555984556,124.28957529,124.536679537,120.285714286,120.976833977,121.046332046,125.447876448,124.525096525,119.961389961,121.158301158,123.548262548,122.386100386,122.702702703,121.061776062,122.177606178,123.38996139,122.034749035,119.945945946,121.023166023,122.498069498,121.555984556,122.598455598,121.162162162,119.671814672,122.478764479,121.521235521,119.494208494,120.474903475,
175.1875,170.3,163.25,157.2625,149.025,137.9375,128.275,120.65,177.3375,173.5,165.5625,159.1,150.475,139.3875,128.475,119.65,178.925,176.125,168.45,160.2625,151.9625,141.8375,129.025,118.5625,179.8875,176.975,170.7125,162.15,153.7,143.925,130.1625,118.5875,179.8375,177.225,173.15,165.3375,157.125,148.2125,132.6,119.825,179.275,177.9625,175.45,168.325,160.25,151.425,137.2125,123.625,178.7625,177.975,177.6375,170.8,161.275,153.65,142.1375,127.775,177.6125,178.5875,177.6875,171.7375,163.125,153.75,144.1875,131.95,
156.918181818,154.081818182,149.681818182,141.2,135.636363636,127.545454545,117.763636364,112.109090909,156.009090909,154.772727273,152.154545455,142.545454545,133.354545455,127.827272727,119.490909091,109.645454545,158.990909091,156.963636364,152.736363636,143.181818182,132.1,126.172727273,119.018181818,109.063636364,163.127272727,157.236363636,151.163636364,144.227272727,132.4,125.263636364,119.690909091,110.718181818,164.172727273,157.409090909,148.736363636,143.618181818,134.954545455,126.818181818,119.990909091,111.181818182,161.436363636,158.5,148.881818182,142.290909091,136.145454545,129.027272727,119.781818182,111.245454545,158.263636364,158.790909091,150.145454545,141.409090909,134.609090909,128.409090909,120.381818182,112.327272727,157.572727273,154.945454545,149.063636364,139.463636364,131.645454545,127.781818182,122.154545455,114.872727273,
171.085106383,175.829787234,183.595744681,187.255319149,182.319148936,180.510638298,178.042553191,165.063829787,176.021276596,182.382978723,187.659574468,189.744680851,183.574468085,174.978723404,166.680851064,153.574468085,180.255319149,185.382978723,186.489361702,186.063829787,177.468085106,163.319148936,149.914893617,136.978723404,182.553191489,183.510638298,179.723404255,176.319148936,164.659574468,144.765957447,131.212765957,123.063829787,180.829787234,178.617021277,168.212765957,156.872340426,143.276595745,124.510638298,114.680851064,112.063829787,172.808510638,166.787234043,151.659574468,135.234042553,121.723404255,111.574468085,106.787234043,107.872340426,160.808510638,148.340425532,133.191489362,119.70212766,112.14893617,108.978723404,107.574468085,111.744680851,148.404255319,134.170212766,121.617021277,111.957446809,108.361702128,109.936170213,111.553191489,115.829787234,
144.5625,140.640625,144.46875,150.6875,152.96875,153.734375,152.609375,146.96875,146.15625,144.46875,149.265625,155.640625,157.359375,152.84375,149.671875,143.5625,146.0625,148.453125,152.5,157.625,157.96875,152.046875,145.15625,135.46875,144.90625,150.734375,152.40625,152.75,152.453125,147.375,135.9375,123.796875,143.015625,148.125,149.578125,144.171875,140.953125,135.4375,122.59375,108.75,141.25,140.71875,141.53125,132.984375,121.5625,116.734375,105.75,93.1875,137.84375,134.828125,131.90625,119.046875,103.0,100.46875,90.171875,83.15625,135.96875,127.890625,123.03125,108.265625,93.0625,89.546875,81.453125,78.84375,
118.575471698,133.405660377,145.669811321,151.037735849,159.132075472,165.226415094,167.858490566,170.556603774,117.339622642,132.820754717,145.537735849,151.103773585,159.433962264,166.839622642,170.613207547,172.886792453,116.320754717,133.056603774,144.5,151.08490566,160.358490566,167.179245283,172.235849057,173.905660377,115.169811321,132.235849057,143.537735849,151.462264151,161.358490566,167.179245283,173.641509434,176.122641509,113.877358491,129.783018868,142.867924528,153.235849057,162.349056604,168.330188679,174.150943396,176.301886792,113.452830189,129.122641509,143.924528302,153.801886792,163.405660377,170.132075472,173.990566038,174.5,112.924528302,129.216981132,144.962264151,154.971698113,165.490566038,170.820754717,171.603773585,170.839622642,113.943396226,130.490566038,145.867924528,156.603773585,166.981132075,169.754716981,168.811320755,168.641509434,
66.1830985915,86.985915493,110.028169014,125.971830986,138.225352113,142.816901408,148.774647887,146.408450704,68.5633802817,88.7887323944,117.211267606,136.450704225,144.14084507,146.394366197,153.042253521,151.676056338,73.1549295775,98.3943661972,127.028169014,142.704225352,149.0,149.253521127,154.661971831,153.014084507,82.0985915493,110.38028169,133.718309859,145.563380282,152.281690141,150.225352113,152.718309859,152.901408451,91.7323943662,117.816901408,136.943661972,146.394366197,152.845070423,149.295774648,150.76056338,153.76056338,97.2957746479,119.830985915,139.704225352,148.422535211,152.225352113,148.830985915,150.901408451,154.85915493,103.126760563,124.281690141,140.943661972,148.281690141,151.887323944,150.098591549,151.422535211,153.028169014,107.957746479,125.971830986,140.492957746,145.507042254,151.098591549,151.23943662,149.830985915,149.746478873,
112.098039216,113.656862745,117.029411765,126.205882353,134.588235294,140.215686275,150.87254902,160.705882353,111.294117647,113.382352941,115.901960784,125.490196078,134.009803922,140.049019608,152.794117647,162.970588235,110.029411765,111.735294118,113.215686275,123.725490196,134.294117647,139.294117647,152.147058824,162.0,107.588235294,110.019607843,111.176470588,120.745098039,133.803921569,138.990196078,149.431372549,158.568627451,106.352941176,111.156862745,111.941176471,120.784313725,133.049019608,138.852941176,147.892156863,155.333333333,107.794117647,110.725490196,111.921568627,120.882352941,132.470588235,138.392156863,146.362745098,153.254901961,108.735294118,111.196078431,112.147058824,120.764705882,132.352941176,137.480392157,144.598039216,151.637254902,109.578431373,112.950980392,114.107843137,122.81372549,133.549019608,137.029411765,143.196078431,149.823529412,
91.1772151899,93.0126582278,111.949367089,123.367088608,116.632911392,118.101265823,129.17721519,133.202531646,86.3544303797,88.8734177215,114.810126582,123.708860759,115.012658228,117.746835443,130.493670886,134.316455696,83.9873417722,90.2151898734,114.64556962,122.392405063,113.341772152,118.873417722,132.696202532,134.113924051,84.1518987342,90.4556962025,113.835443038,119.632911392,114.64556962,119.911392405,134.240506329,136.17721519,83.5443037975,93.0506329114,112.721518987,116.151898734,113.050632911,120.46835443,136.949367089,135.860759494,83.2025316456,93.5063291139,111.126582278,113.075949367,111.417721519,121.544303797,136.772151899,134.556962025,84.9493670886,95.5696202532,108.202531646,111.291139241,109.556962025,122.898734177,136.101265823,129.683544304,87.4050632911,97.1518987342,107.265822785,108.936708861,110.240506329,123.632911392,133.987341772,127.126582278,
113.028497409,114.515544041,113.756476684,111.911917098,114.971502591,115.733160622,114.575129534,115.24611399,112.974093264,113.062176166,114.621761658,113.440414508,112.829015544,115.528497409,115.505181347,115.525906736,114.17357513,112.704663212,113.474093264,114.987046632,113.139896373,114.323834197,116.28238342,115.953367876,114.823834197,113.725388601,112.215025907,114.932642487,114.624352332,113.341968912,115.549222798,116.347150259,114.266839378,115.227979275,112.839378238,113.531088083,115.458549223,113.893782383,114.699481865,115.68134715,112.551813472,115.20984456,114.702072539,113.191709845,114.35492228,114.997409326,114.919689119,115.051813472,112.424870466,113.46373057,115.31865285,114.67357513,113.380829016,114.658031088,115.03626943,114.569948187,113.720207254,112.235751295,114.388601036,116.098445596,113.178756477,113.202072539,114.297927461,114.906735751,
133.792079208,130.00990099,112.831683168,109.871287129,116.613861386,105.069306931,92.3861386139,100.108910891,136.108910891,130.316831683,107.227722772,108.940594059,116.01980198,105.653465347,94.2376237624,96.603960396,130.673267327,123.376237624,109.02970297,111.821782178,109.623762376,101.861386139,100.782178218,94.0594059406,120.920792079,111.257425743,116.425742574,114.851485149,101.693069307,100.069306931,105.247524752,95.603960396,118.643564356,106.613861386,118.386138614,114.396039604,101.178217822,102.930693069,102.405940594,95.3861386139,120.643564356,115.336633663,114.257425743,106.02970297,107.475247525,108.445544554,93.7920792079,93.7425742574,119.97029703,124.653465347,110.316831683,99.3861386139,110.881188119,107.930693069,91.6732673267,96.1584158416,117.366336634,123.910891089,109.277227723,102.128712871,108.831683168,102.712871287,99.7821782178,103.702970297,
102.246290801,103.065281899,102.456973294,103.931750742,103.424332344,105.605341246,107.670623145,106.34421365,101.210682493,102.166172107,103.044510386,103.792284866,105.091988131,104.421364985,106.465875371,108.181008902,102.602373887,101.768545994,103.008902077,103.807121662,105.869436202,105.044510386,105.065281899,107.943620178,103.465875371,102.489614243,102.581602374,103.827893175,105.824925816,105.925816024,104.379821958,107.3115727,102.860534125,103.243323442,103.213649852,103.762611276,103.982195846,106.044510386,105.412462908,105.103857567,102.658753709,102.747774481,103.24925816,104.664688427,103.169139466,104.258160237,106.154302671,104.985163205,102.810089021,102.771513353,103.089020772,104.721068249,104.676557864,104.442136499,105.818991098,105.397626113,103.06231454,102.350148368,103.620178042,104.516320475,104.430267062,105.023738872,105.3115727,106.175074184,
101.873015873,97.4484126984,95.0436507937,95.1865079365,93.4603174603,92.0238095238,93.9484126984,96.0238095238,102.170634921,96.5119047619,93.6150793651,95.1865079365,92.996031746,91.6984126984,93.8611111111,94.4603174603,101.337301587,96.2261904762,93.1150793651,94.1547619048,93.1746031746,93.0476190476,94.0277777778,93.0912698413,99.8968253968,96.1944444444,94.1825396825,92.2103174603,92.8650793651,93.9563492063,94.119047619,94.1388888889,98.6547619048,96.4087301587,94.9841269841,91.2619047619,91.1904761905,93.3928571429,93.7341269841,95.8650793651,98.9206349206,96.5753968254,94.3531746032,91.3650793651,90.2301587302,91.8015873016,93.6944444444,96.3333333333,99.6468253968,96.5357142857,92.373015873,91.6904761905,89.4246031746,90.4007936508,93.0873015873,94.2301587302,98.7896825397,95.6388888889,92.380952381,92.619047619,89.996031746,91.0753968254,93.4285714286,92.3373015873,
167.911764706,160.235294118,150.882352941,131.352941176,111.852941176,91.8529411765,71.7352941176,69.7058823529,174.705882353,168.0,153.352941176,134.0,111.588235294,88.6764705882,70.6764705882,69.4411764706,178.411764706,174.411764706,158.411764706,136.088235294,111.794117647,87.7647058824,70.8823529412,69.7058823529,178.941176471,177.235294118,162.029411765,137.647058824,110.176470588,86.3529411765,70.3235294118,68.6764705882,179.147058824,178.088235294,167.764705882,143.411764706,111.735294118,83.6470588235,69.2058823529,69.6176470588,179.558823529,181.558823529,173.970588235,150.029411765,114.911764706,83.1470588235,69.7941176471,70.9117647059,180.088235294,183.617647059,177.323529412,153.852941176,118.823529412,86.7058823529,71.4117647059,70.8235294118,180.558823529,182.617647059,175.411764706,153.529411765,123.5,93.6764705882,73.5588235294,71.9117647059,
135.614035088,135.859649123,130.561403509,119.140350877,107.666666667,98.4736842105,82.5087719298,67.1754385965,139.421052632,138.50877193,131.105263158,120.877192982,112.368421053,100.298245614,82.4035087719,65.9824561404,140.894736842,140.105263158,131.719298246,124.859649123,115.824561404,101.245614035,80.9824561404,63.3333333333,140.035087719,143.385964912,135.122807018,126.157894737,117.315789474,101.368421053,80.701754386,63.5789473684,140.596491228,145.877192982,138.140350877,125.649122807,115.842105263,104.684210526,84.9298245614,65.8596491228,141.070175439,142.701754386,139.596491228,129.087719298,115.333333333,109.263157895,91.0701754386,65.5438596491,137.789473684,138.280701754,137.245614035,130.298245614,116.122807018,110.649122807,90.350877193,66.2280701754,134.070175439,133.912280702,134.298245614,129.807017544,116.929824561,109.140350877,89.7719298246,69.5614035088,
161.341463415,159.341463415,159.024390244,159.219512195,139.926829268,111.292682927,91.3902439024,79.5609756098,161.804878049,162.487804878,155.341463415,146.12195122,124.756097561,95.2682926829,78.6829268293,71.6341463415,164.682926829,159.56097561,145.146341463,128.243902439,105.707317073,83.3414634146,68.9512195122,63.5365853659,158.365853659,152.731707317,133.853658537,107.829268293,89.6341463415,75.2682926829,62.8292682927,57.9268292683,150.731707317,137.146341463,116.87804878,92.487804878,76.3902439024,67.6097560976,58.7073170732,56.6585365854,138.585365854,117.902439024,99.756097561,80.3170731707,65.243902439,60.6585365854,58.3902439024,56.5365853659,123.926829268,101.292682927,85.4634146341,71.3170731707,59.2682926829,59.1951219512,59.3902439024,58.3902439024,107.609756098,88.1219512195,73.8292682927,66.0487804878,58.8292682927,58.1219512195,59.5609756098,60.4390243902,
144.606060606,138.393939394,117.787878788,85.7727272727,68.8636363636,64.5909090909,60.3636363636,63.3636363636,147.090909091,139.575757576,114.196969697,80.696969697,66.0,61.6818181818,57.2878787879,62.3333333333,148.651515152,140.696969697,111.181818182,79.4090909091,65.1818181818,57.8636363636,56.7878787879,61.7424242424,150.575757576,139.378787879,111.787878788,81.7272727273,63.6212121212,56.6666666667,57.9545454545,60.9242424242,150.196969697,137.757575758,113.454545455,82.1363636364,60.303030303,58.0606060606,58.5909090909,61.0303030303,149.272727273,135.212121212,115.439393939,83.0454545455,61.4242424242,59.1515151515,59.4696969697,62.1818181818,144.833333333,133.46969697,114.318181818,83.0454545455,63.2878787879,61.0,61.5909090909,64.303030303,141.651515152,131.787878788,111.954545455,83.1515151515,66.9848484848,61.9242424242,62.4545454545,66.7727272727,
146.756756757,147.891891892,142.243243243,150.567567568,160.378378378,151.621621622,143.081081081,151.864864865,140.432432432,139.243243243,142.486486486,153.918918919,156.72972973,145.081081081,143.567567568,154.486486486,128.351351351,126.72972973,139.135135135,146.837837838,141.864864865,133.72972973,137.810810811,143.891891892,115.243243243,109.459459459,122.297297297,129.567567568,120.027027027,113.540540541,119.864864865,126.0,97.5405405405,94.4324324324,102.864864865,103.162162162,94.5135135135,95.1351351351,102.162162162,107.135135135,84.5945945946,82.0,85.8918918919,82.8648648649,79.1621621622,84.0810810811,90.8648648649,92.9189189189,74.6216216216,73.6486486486,74.3513513514,70.8918918919,72.972972973,78.8648648649,82.0540540541,85.8648648649,72.1621621622,72.7027027027,69.5675675676,66.4594594595,72.5135135135,75.7837837838,76.5675675676,80.4054054054,
88.2432432432,93.3918918919,102.175675676,107.716216216,109.932432432,112.932432432,117.418918919,117.486486486,81.9054054054,88.3918918919,97.5405405405,103.189189189,105.689189189,112.972972973,118.675675676,115.824324324,76.6621621622,83.7027027027,90.1621621622,96.0945945946,100.405405405,110.77027027,118.121621622,115.337837838,74.3243243243,76.4864864865,83.6486486486,86.9324324324,93.472972973,106.108108108,113.513513514,115.189189189,72.7162162162,71.6486486486,79.4459459459,80.4459459459,85.0810810811,100.094594595,106.797297297,110.013513514,71.2027027027,68.5135135135,72.7567567568,75.1351351351,76.5675675676,88.0540540541,100.783783784,104.378378378,71.6621621622,65.7027027027,68.0,70.4864864865,74.2297297297,80.8243243243,92.0810810811,101.689189189,73.0405405405,67.7837837838,67.2837837838,69.6486486486,73.7297297297,78.1216216216,85.7297297297,96.6756756757,
93.5061728395,93.3580246914,98.3456790123,97.5555555556,90.1728395062,81.2098765432,69.9382716049,62.4938271605,95.4938271605,97.4691358025,101.419753086,98.7283950617,93.6666666667,85.012345679,68.0864197531,61.5308641975,96.1728395062,102.283950617,103.172839506,99.3456790123,99.6913580247,86.4938271605,66.1975308642,63.4074074074,96.5555555556,105.938271605,106.172839506,101.87654321,102.481481481,88.6913580247,68.6790123457,63.0987654321,96.6296296296,107.407407407,104.271604938,101.12345679,104.802469136,90.4567901235,70.950617284,63.8518518519,99.2716049383,106.382716049,101.358024691,101.777777778,104.481481481,90.1604938272,70.8765432099,66.2098765432,104.209876543,104.160493827,99.3333333333,103.777777778,101.271604938,89.3580246914,72.987654321,68.950617284,105.679012346,103.024691358,99.0,102.987654321,97.987654321,90.6419753086,76.1604938272,71.7654320988,
71.5471698113,62.5660377358,57.5094339623,58.0566037736,57.5471698113,59.320754717,62.9056603774,62.7924528302,75.4150943396,64.7735849057,60.2264150943,59.1509433962,57.2264150943,57.7735849057,59.4150943396,61.2830188679,82.1132075472,70.2830188679,61.2264150943,61.0188679245,58.3962264151,57.8113207547,58.4716981132,62.1320754717,91.9433962264,80.0566037736,66.5660377358,63.8113207547,62.8301886792,61.1132075472,61.0566037736,64.3773584906,106.830188679,96.2641509434,78.8490566038,72.8490566038,71.7169811321,67.0377358491,65.4905660377,66.8490566038,120.698113208,112.339622642,96.5283018868,87.2641509434,79.9811320755,73.0188679245,70.1509433962,69.1886792453,128.188679245,122.622641509,111.264150943,101.622641509,91.1132075472,79.1886792453,74.0377358491,74.679245283,129.867924528,126.509433962,122.056603774,115.132075472,101.0,87.1132075472,82.9245283019,81.3018867925,
54.6382978723,56.2978723404,64.5744680851,81.829787234,106.446808511,132.957446809,146.404255319,150.936170213,54.170212766,56.4042553191,66.170212766,87.6170212766,116.574468085,141.680851064,151.170212766,153.021276596,53.5957446809,57.2127659574,68.1063829787,93.5106382979,125.638297872,146.872340426,154.404255319,152.042553191,53.9361702128,60.2127659574,74.7446808511,103.914893617,133.829787234,146.957446809,155.957446809,153.936170213,56.2553191489,65.2765957447,85.3404255319,119.021276596,139.255319149,145.468085106,156.808510638,157.14893617,59.1914893617,71.3191489362,96.8085106383,129.0,141.404255319,146.446808511,158.063829787,157.510638298,64.3829787234,80.7659574468,109.255319149,133.042553191,142.361702128,148.680851064,153.957446809,156.85106383,73.4255319149,92.3404255319,119.70212766,135.808510638,142.14893617,148.446808511,152.489361702,159.531914894,
60.225,60.625,61.1,67.15,77.025,95.9,123.275,146.375,58.55,59.675,60.8,65.375,77.15,100.775,130.65,150.15,58.25,59.275,62.2,68.125,81.05,106.275,135.1,149.975,57.875,58.3,63.75,69.675,85.575,111.625,138.4,150.325,58.125,58.375,63.95,72.65,90.9,115.85,137.7,149.5,59.825,58.425,64.525,74.55,94.325,117.525,135.975,149.3,60.75,61.125,68.475,80.45,98.725,118.95,136.525,149.4,63.9,65.0,74.4,88.9,103.85,121.075,137.125,150.225,
69.1641791045,70.4328358209,74.2985074627,81.8208955224,91.2835820896,98.7910447761,104.402985075,104.373134328,68.4776119403,71.1044776119,74.6417910448,81.3134328358,92.2537313433,103.164179104,107.074626866,105.686567164,67.2985074627,72.3731343284,76.9701492537,83.8805970149,96.1641791045,105.597014925,106.52238806,105.343283582,67.6268656716,72.9402985075,82.0447761194,91.1044776119,100.940298507,106.447761194,104.910447761,105.029850746,68.2089552239,74.2388059701,88.0,100.492537313,108.298507463,109.149253731,104.373134328,104.731343284,71.0746268657,78.6119402985,91.0298507463,104.641791045,112.701492537,112.895522388,109.656716418,107.805970149,75.2835820896,82.2089552239,92.2089552239,104.0,115.149253731,117.432835821,113.507462687,110.970149254,79.2686567164,86.0,92.5970149254,100.208955224,112.641791045,117.417910448,114.313432836,110.850746269,
62.6101694915,61.3559322034,60.7118644068,60.5593220339,63.6949152542,68.6779661017,74.9322033898,87.2372881356,60.9322033898,59.2203389831,57.813559322,59.6101694915,64.6949152542,68.7288135593,76.3898305085,90.1355932203,59.7627118644,59.3898305085,58.5423728814,60.3559322034,65.6271186441,71.4406779661,82.5084745763,99.0508474576,60.9830508475,62.0338983051,63.1186440678,63.6949152542,70.0338983051,78.6101694915,91.8474576271,107.406779661,62.2203389831,64.7966101695,68.3220338983,69.3898305085,77.2203389831,87.3728813559,99.6440677966,115.898305085,64.2881355932,66.813559322,70.4406779661,76.6949152542,88.8644067797,97.0508474576,107.644067797,121.559322034,69.4745762712,72.5593220339,74.8813559322,85.3389830508,99.5254237288,105.779661017,113.576271186,124.779661017,76.2881355932,80.3728813559,82.4745762712,94.2542372881,106.593220339,111.372881356,116.559322034,126.372881356,
86.2063492063,84.9788359788,86.5555555556,84.4497354497,81.0899470899,83.5185185185,84.8571428571,86.5343915344,84.1216931217,83.8835978836,85.2645502646,83.1481481481,83.4761904762,84.3174603175,82.6084656085,85.4920634921,81.2433862434,81.8201058201,82.9417989418,83.5026455026,85.7248677249,82.417989418,80.1481481481,83.4761904762,79.8042328042,81.7566137566,82.0634920635,85.1693121693,84.9523809524,79.7142857143,80.4338624339,82.7301587302,81.9047619048,82.0052910053,80.8677248677,84.4920634921,81.746031746,79.6613756614,85.0423280423,83.6931216931,84.6666666667,81.2169312169,80.1481481481,82.3492063492,80.328042328,83.4761904762,88.3068783069,84.3756613757,83.9259259259,78.7619047619,80.291005291,81.746031746,80.6560846561,85.8994708995,87.5502645503,84.0158730159,80.3597883598,78.5026455026,82.9100529101,82.0105820106,81.0476190476,85.3703703704,84.3597883598,83.9788359788,
76.0093896714,74.9295774648,76.2723004695,75.5915492958,74.765258216,74.3990610329,71.4319248826,71.5915492958,73.0892018779,74.7230046948,77.1267605634,76.117370892,72.5633802817,71.661971831,70.7464788732,70.558685446,72.8450704225,75.9530516432,76.4647887324,74.0798122066,71.7840375587,69.8591549296,71.4788732394,70.4882629108,74.4366197183,75.4694835681,73.6854460094,72.544600939,71.5962441315,71.6525821596,71.2159624413,68.8732394366,74.3568075117,74.3943661972,72.8591549296,73.4507042254,72.7605633803,72.0938967136,69.8638497653,67.2863849765,73.4225352113,74.3896713615,75.117370892,74.0610328638,71.8920187793,70.5164319249,67.8309859155,67.2535211268,74.2394366197,76.8591549296,75.661971831,72.0234741784,69.9248826291,68.8075117371,67.8544600939,68.9061032864,76.5492957746,76.9577464789,74.7370892019,70.8403755869,69.2018779343,69.3615023474,68.9201877934,71.0093896714,
62.6434108527,59.4031007752,62.9147286822,69.3255813953,73.2558139535,81.6821705426,90.4651162791,90.6434108527,58.6744186047,56.1782945736,59.6821705426,66.4496124031,71.7131782946,81.9612403101,90.4496124031,88.9224806202,56.7674418605,55.3255813953,59.1085271318,65.0465116279,70.6201550388,80.488372093,87.3333333333,87.4418604651,55.8062015504,55.4418604651,58.9689922481,63.2093023256,68.3875968992,76.7906976744,82.8527131783,85.3410852713,56.5736434109,54.5581395349,57.4573643411,61.6201550388,66.3953488372,75.2403100775,81.7596899225,85.2480620155,56.7441860465,54.4341085271,55.8759689922,61.5658914729,65.9224806202,74.2093023256,82.496124031,83.1162790698,57.4418604651,55.2248062016,56.9379844961,61.7519379845,66.2635658915,74.7286821705,80.5503875969,81.519379845,58.1937984496,55.7286821705,58.0387596899,61.488372093,65.5736434109,73.6356589147,78.1395348837,81.3953488372,
62.9815789474,62.5736842105,62.0368421053,61.2684210526,61.8710526316,62.0842105263,62.0973684211,63.6421052632,62.8763157895,62.1026315789,61.7210526316,61.5078947368,61.6973684211,62.4026315789,62.4078947368,63.4657894737,62.5789473684,61.5263157895,61.1684210526,62.0236842105,62.4157894737,62.4815789474,62.7763157895,63.9131578947,62.2236842105,60.7421052632,61.2447368421,61.8,62.1842105263,62.4684210526,62.7342105263,64.3,62.0368421053,60.95,61.3473684211,61.7789473684,61.9763157895,62.1842105263,63.0631578947,64.8789473684,62.2026315789,61.7078947368,61.3447368421,61.9131578947,62.1578947368,62.2947368421,63.1973684211,64.4710526316,62.8289473684,62.05,61.3789473684,62.0078947368,62.25,62.45,63.2578947368,64.7263157895,63.3368421053,62.4157894737,61.7157894737,62.4526315789,62.2763157895,63.4131578947,63.6342105263,65.0184210526,
135.660714286,137.589285714,120.464285714,107.910714286,105.642857143,102.410714286,89.5535714286,78.2857142857,130.0,129.446428571,108.75,95.4821428571,92.1071428571,86.9464285714,76.6428571429,67.6428571429,119.071428571,114.535714286,97.3571428571,83.7321428571,78.375,76.2678571429,68.9821428571,62.9464285714,102.892857143,96.125,87.375,74.5714285714,69.2857142857,67.6607142857,63.6428571429,61.8214285714,89.2678571429,80.4285714286,75.1071428571,65.8928571429,61.9821428571,62.5714285714,59.5178571429,60.8035714286,79.4285714286,70.25,65.4642857143,61.7678571429,58.7857142857,58.9285714286,58.5535714286,62.375,72.4464285714,63.9107142857,59.4107142857,58.3035714286,58.0714285714,56.9821428571,60.0535714286,64.0535714286,69.3214285714,62.5535714286,58.0714285714,60.1428571429,59.1785714286,58.4107142857,64.3928571429,66.375,
97.3076923077,86.021978022,74.4065934066,62.1758241758,57.2527472527,54.989010989,50.1868131868,50.3406593407,98.1098901099,83.9120879121,70.9340659341,62.4835164835,57.6703296703,52.978021978,49.2967032967,49.4505494505,95.9010989011,82.3406593407,68.6923076923,62.7362637363,56.5824175824,50.4835164835,49.8131868132,48.2747252747,93.1758241758,80.9230769231,68.5274725275,62.2747252747,53.8131868132,50.7142857143,50.0769230769,47.3846153846,89.3626373626,79.8131868132,69.1648351648,58.0549450549,52.2857142857,52.1868131868,47.7472527473,47.8461538462,86.6373626374,78.3736263736,67.1208791209,57.6813186813,53.8791208791,50.5934065934,48.0989010989,49.5054945055,85.8571428571,77.5934065934,65.6703296703,59.2527472527,54.7582417582,49.7362637363,49.4725274725,50.7582417582,84.5164835165,74.7692307692,66.5494505495,61.6593406593,54.0,51.8901098901,52.4505494505,52.7802197802,
44.4193548387,46.8709677419,43.0,46.5483870968,46.4838709677,50.064516129,61.4516129032,74.6774193548,42.0,46.4193548387,43.7419354839,44.7096774194,47.0322580645,53.5806451613,66.1612903226,82.0322580645,43.3870967742,43.8709677419,43.3225806452,43.9032258065,48.5483870968,56.6129032258,72.1612903226,96.0967741935,44.064516129,42.2903225806,43.0967741935,42.8709677419,48.9032258065,58.3548387097,79.064516129,113.064516129,46.0322580645,42.0967741935,42.2903225806,44.2258064516,48.1935483871,61.4838709677,91.4193548387,123.774193548,46.1612903226,43.3548387097,42.4516129032,45.5806451613,50.7419354839,71.8064516129,109.064516129,131.612903226,45.3548387097,42.5806451613,44.5161290323,47.9032258065,59.0322580645,88.8064516129,126.0,143.322580645,44.2903225806,43.4193548387,45.3870967742,54.0,72.7419354839,110.0,143.129032258,149.096774194,
35.5074626866,34.8955223881,36.0447761194,37.6567164179,41.0,45.7164179104,53.6268656716,65.7014925373,34.8507462687,34.9850746269,35.7014925373,36.8358208955,40.3731343284,45.1492537313,55.328358209,67.1492537313,34.9552238806,35.2985074627,35.1641791045,36.8656716418,40.447761194,45.8656716418,58.1194029851,68.1343283582,35.0149253731,34.671641791,35.5970149254,37.4179104478,40.4776119403,47.776119403,59.1791044776,68.6567164179,35.3582089552,34.3731343284,35.9402985075,37.3880597015,41.2388059701,48.5820895522,59.1044776119,72.6865671642,34.9552238806,35.223880597,36.0,38.1343283582,42.3134328358,48.8955223881,60.6119402985,77.3731343284,35.3731343284,36.1492537313,36.7313432836,39.2388059701,44.3582089552,51.4328358209,67.2388059701,81.9104477612,36.9402985075,37.9104477612,38.6417910448,42.223880597,46.8507462687,56.4776119403,72.8656716418,81.3582089552,
67.3952095808,62.4491017964,60.4251497006,58.2035928144,58.2395209581,58.2395209581,57.9461077844,58.2035928144,62.2395209581,58.8143712575,56.6646706587,55.9700598802,56.1736526946,55.9760479042,55.9341317365,55.6826347305,57.8562874251,55.4610778443,54.994011976,54.3652694611,53.6646706587,53.5628742515,54.0838323353,54.377245509,55.502994012,53.8203592814,53.3952095808,53.125748503,52.7365269461,52.6107784431,52.9101796407,53.7005988024,54.6826347305,52.2814371257,52.1017964072,52.4431137725,52.0,51.7425149701,51.5568862275,53.497005988,53.5628742515,51.9341317365,51.6946107784,51.7604790419,52.1616766467,51.4850299401,51.5389221557,53.1856287425,53.9041916168,52.3832335329,52.371257485,52.7425149701,51.8502994012,51.4071856287,52.3113772455,54.005988024,55.7365269461,52.8502994012,53.1616766467,53.4311377246,52.3053892216,52.8203592814,53.6167664671,55.6467065868,
48.4371257485,46.880239521,46.245508982,46.1137724551,45.3113772455,44.8323353293,45.1497005988,45.377245509,48.2395209581,46.6766467066,45.5868263473,45.2934131737,45.0479041916,44.6706586826,44.7245508982,45.3413173653,48.8323353293,46.5748502994,45.7664670659,45.1437125749,44.9580838323,44.8203592814,44.1377245509,44.9640718563,48.880239521,46.8562874251,45.8682634731,45.2275449102,44.5808383234,43.9700598802,44.0119760479,44.4850299401,48.6107784431,47.497005988,46.245508982,45.4730538922,44.7664670659,43.2395209581,43.9580838323,44.2754491018,49.5389221557,48.4550898204,46.3413173653,46.1616766467,45.0838323353,44.0239520958,44.4431137725,44.3832335329,50.4550898204,48.2395209581,47.0838323353,47.0419161677,45.5329341317,44.6526946108,44.1916167665,44.3353293413,50.7964071856,48.4251497006,48.5089820359,47.2874251497,46.6946107784,45.251497006,44.4431137725,45.5928143713,
43.1111111111,40.4027777778,39.6111111111,39.1111111111,38.6041666667,37.4375,37.4027777778,38.3541666667,41.2083333333,39.9027777778,38.4791666667,36.7569444444,37.0902777778,36.9583333333,36.8263888889,37.8194444444,40.4097222222,39.2361111111,36.8819444444,36.5833333333,36.2013888889,35.9791666667,36.5833333333,37.3333333333,40.8055555556,38.3680555556,36.5625,36.4583333333,35.4861111111,35.8194444444,35.7430555556,36.7638888889,40.2638888889,37.0347222222,36.8125,36.0069444444,35.1180555556,35.6041666667,35.3958333333,37.0902777778,39.1805555556,36.7708333333,36.5902777778,35.8055555556,35.6041666667,35.0763888889,35.6736111111,36.6805555556,38.4513888889,36.9027777778,35.8611111111,35.8680555556,35.0486111111,34.9097222222,36.5972222222,36.5486111111,38.4930555556,37.4375,36.2013888889,35.8472222222,35.6388888889,35.3680555556,36.5069444444,37.1597222222,
30.9207317073,29.9634146341,29.487804878,29.9268292683,29.1646341463,29.7926829268,30.7317073171,31.5365853659,30.1219512195,30.0670731707,29.0182926829,29.1768292683,29.5487804878,29.4390243902,30.0792682927,31.7804878049,29.7195121951,29.987804878,29.1646341463,29.1890243902,29.2987804878,29.3841463415,29.8963414634,31.3963414634,30.012195122,29.8170731707,28.7804878049,28.8841463415,28.987804878,29.2195121951,29.9573170732,31.3536585366,29.993902439,29.3780487805,29.2682926829,29.1646341463,29.1036585366,29.3536585366,29.8414634146,31.3292682927,29.7682926829,29.8597560976,29.1768292683,29.3170731707,29.2073170732,29.6158536585,30.1768292683,31.1829268293,29.8414634146,29.9573170732,29.2256097561,29.3902439024,29.3170731707,29.6341463415,30.0548780488,31.7195121951,30.7804878049,29.9146341463,29.5731707317,29.987804878,29.4512195122,30.0792682927,30.6829268293,32.2743902439,
