216.6171875,217.03125,217.203125,218.640625,219.1171875,219.421875,219.2421875,217.0078125,218.2421875,218.4375,218.6953125,219.0078125,218.9296875,219.4921875,219.3671875,218.40625,218.1484375,218.5390625,219.9921875,219.8125,219.5625,219.0234375,218.671875,218.3984375,217.7265625,218.7578125,220.0703125,220.546875,220.5546875,218.9453125,218.1953125,217.3671875,217.828125,217.859375,218.609375,220.0078125,220.4609375,220.015625,218.703125,218.1875,218.6171875,218.0703125,217.921875,218.359375,219.3984375,219.375,220.1484375,218.8515625,218.2109375,218.5625,218.34375,218.03125,217.7734375,218.359375,219.4375,219.1875,216.8046875,217.8671875,218.7109375,218.4140625,217.125,217.015625,217.1640625,217.40625,
208.370192308,209.639423077,210.567307692,211.625,211.490384615,211.163461538,210.475961538,209.730769231,209.423076923,210.341346154,211.201923077,212.201923077,212.225961538,211.778846154,211.125,210.235576923,209.451923077,210.423076923,211.115384615,211.682692308,212.552884615,212.302884615,211.846153846,210.644230769,209.538461538,210.201923077,211.197115385,211.225961538,212.682692308,212.365384615,212.201923077,211.240384615,209.596153846,210.639423077,211.4375,211.403846154,212.091346154,211.649038462,211.211538462,211.048076923,209.918269231,210.634615385,211.634615385,211.870192308,211.418269231,211.105769231,210.5,210.879807692,209.245192308,210.639423077,211.177884615,211.394230769,211.230769231,211.048076923,210.326923077,210.197115385,208.951923077,209.5,210.485576923,210.413461538,210.6875,210.038461538,209.254807692,208.072115385,
200.753363229,202.161434978,202.013452915,202.641255605,202.331838565,201.914798206,202.107623318,199.937219731,201.134529148,202.587443946,202.457399103,202.686098655,203.00896861,202.717488789,202.00896861,199.852017937,201.591928251,202.502242152,201.964125561,202.578475336,203.421524664,202.834080717,201.919282511,200.013452915,201.946188341,202.255605381,202.125560538,202.520179372,203.058295964,202.735426009,202.757847534,201.304932735,201.475336323,202.596412556,202.479820628,202.00896861,202.834080717,202.69058296,203.98206278,202.188340807,201.32735426,202.748878924,202.358744395,202.66367713,203.255605381,203.587443946,203.520179372,202.01793722,201.251121076,202.076233184,201.793721973,203.264573991,203.784753363,203.627802691,203.062780269,201.97309417,200.807174888,201.618834081,201.98206278,203.291479821,203.385650224,203.426008969,203.201793722,202.65470852,
211.648148148,213.814814815,212.740740741,212.092592593,212.777777778,208.037037037,203.777777778,197.314814815,213.314814815,214.814814815,212.981481481,211.481481481,213.0,208.37037037,203.537037037,194.555555556,213.777777778,216.703703704,212.555555556,211.574074074,209.907407407,205.666666667,201.037037037,189.351851852,211.740740741,215.111111111,214.462962963,212.185185185,207.796296296,202.944444444,196.333333333,185.12962963,209.092592593,212.925925926,214.333333333,211.555555556,207.722222222,199.055555556,190.518518519,180.0,207.62962963,208.87037037,210.611111111,209.37037037,201.685185185,190.925925926,184.0,170.555555556,205.462962963,203.259259259,203.351851852,202.722222222,192.722222222,179.12962963,170.703703704,158.166666667,199.722222222,195.462962963,190.740740741,192.166666667,182.055555556,168.851851852,160.62962963,149.314814815,
147.828571429,151.8,156.457142857,165.485714286,178.228571429,190.257142857,194.885714286,198.285714286,155.8,166.171428571,173.885714286,183.685714286,194.571428571,203.171428571,205.942857143,207.628571429,174.457142857,185.771428571,191.371428571,197.914285714,203.685714286,207.228571429,210.314285714,210.714285714,192.057142857,199.371428571,201.971428571,204.828571429,207.742857143,208.771428571,210.628571429,212.0,199.171428571,203.314285714,205.542857143,207.6,210.171428571,210.314285714,211.771428571,210.228571429,204.142857143,206.485714286,205.914285714,210.285714286,212.742857143,212.542857143,210.628571429,208.857142857,208.2,209.628571429,208.142857143,209.885714286,211.514285714,212.028571429,210.628571429,209.371428571,208.742857143,208.4,207.942857143,208.028571429,209.571428571,210.428571429,211.2,210.8,
190.766949153,192.300847458,193.631355932,193.915254237,193.233050847,193.394067797,192.118644068,190.610169492,191.834745763,193.139830508,193.987288136,194.148305085,193.177966102,193.25,192.618644068,191.190677966,192.207627119,193.063559322,193.652542373,194.046610169,192.677966102,192.872881356,193.042372881,191.555084746,191.351694915,192.411016949,192.631355932,193.381355932,192.754237288,191.877118644,193.186440678,191.75,190.381355932,191.427966102,191.771186441,192.86440678,192.699152542,192.436440678,192.771186441,191.694915254,189.68220339,190.86440678,191.419491525,192.326271186,193.110169492,193.18220339,193.025423729,192.491525424,189.669491525,191.525423729,191.436440678,191.838983051,193.161016949,193.580508475,193.343220339,191.983050847,189.93220339,191.516949153,192.377118644,192.63559322,192.923728814,193.097457627,192.233050847,191.224576271,
195.711111111,198.888888889,202.466666667,204.888888889,201.933333333,198.044444444,197.4,197.555555556,197.488888889,199.222222222,201.066666667,206.266666667,200.822222222,197.066666667,194.577777778,194.088888889,199.866666667,201.622222222,201.244444444,204.133333333,201.755555556,193.444444444,190.866666667,185.311111111,200.844444444,202.977777778,199.377777778,199.533333333,196.0,187.622222222,182.822222222,171.866666667,201.888888889,199.088888889,194.066666667,191.688888889,186.311111111,176.866666667,166.6,150.466666667,198.555555556,194.844444444,185.888888889,178.688888889,171.933333333,161.644444444,148.866666667,137.733333333,189.333333333,184.888888889,175.777777778,165.822222222,154.488888889,146.577777778,137.088888889,132.822222222,179.177777778,174.333333333,168.2,154.377777778,140.866666667,133.088888889,131.266666667,130.444444444,
206.1,206.866666667,204.166666667,195.2,177.866666667,143.466666667,110.533333333,100.966666667,206.8,210.1,206.633333333,199.5,184.8,147.6,107.8,96.3333333333,208.666666667,212.766666667,207.1,202.3,188.466666667,153.333333333,109.933333333,96.8666666667,209.666666667,212.833333333,208.633333333,203.133333333,192.366666667,159.7,115.766666667,98.4,209.366666667,212.166666667,207.433333333,203.9,191.8,166.033333333,123.166666667,100.866666667,211.1,212.3,208.133333333,203.3,190.333333333,170.333333333,134.533333333,107.633333333,211.766666667,212.466666667,207.766666667,201.9,186.666666667,171.766666667,145.9,118.466666667,208.066666667,210.933333333,206.033333333,196.7,183.0,167.966666667,154.333333333,129.966666667,
151.189655172,156.534482759,165.362068966,178.879310345,193.534482759,200.74137931,204.5,204.25862069,151.810344828,156.517241379,167.120689655,180.982758621,196.913793103,203.379310345,204.879310345,201.982758621,151.844827586,156.310344828,167.051724138,182.293103448,196.534482759,203.0,203.948275862,202.568965517,152.689655172,156.327586207,166.017241379,180.810344828,197.25862069,203.517241379,205.25862069,204.568965517,153.551724138,156.448275862,165.189655172,180.551724138,198.155172414,204.293103448,206.551724138,206.0,153.517241379,157.568965517,166.568965517,182.155172414,196.879310345,203.206896552,205.275862069,206.74137931,153.293103448,159.189655172,168.396551724,182.413793103,195.25862069,201.413793103,203.603448276,206.379310345,154.948275862,162.120689655,171.396551724,182.0,192.879310345,199.086206897,201.844827586,204.948275862,
179.849056604,180.681940701,181.363881402,181.668463612,180.921832884,181.525606469,181.654986523,180.757412399,180.423180593,181.167115903,181.420485175,181.442048518,181.533692722,182.307277628,181.692722372,182.037735849,180.74393531,182.026954178,181.4393531,181.425876011,182.153638814,182.318059299,182.145552561,182.080862534,180.498652291,181.916442049,181.652291105,181.474393531,182.849056604,182.730458221,182.043126685,181.474393531,180.266846361,181.886792453,181.733153639,181.943396226,182.870619946,182.234501348,181.722371968,180.506738544,180.552560647,181.377358491,181.264150943,181.970350404,182.161725067,181.722371968,182.226415094,180.428571429,180.681940701,180.592991914,181.153638814,181.490566038,181.04851752,181.504043127,182.23180593,180.606469003,179.986522911,179.964959569,180.407008086,180.881401617,180.366576819,181.242587601,180.652291105,179.549865229,
172.775510204,172.74744898,172.609693878,172.390306122,171.660714286,171.790816327,172.482142857,171.466836735,173.045918367,172.903061224,173.00255102,172.517857143,172.737244898,172.793367347,172.084183673,171.556122449,172.635204082,172.428571429,173.739795918,172.512755102,173.117346939,172.844387755,171.301020408,171.165816327,172.12244898,172.880102041,173.571428571,172.387755102,172.81377551,172.619897959,171.308673469,171.68877551,172.06377551,172.755102041,173.24744898,171.640306122,172.265306122,172.056122449,172.089285714,171.875,171.711734694,171.711734694,171.505102041,171.441326531,171.854591837,171.242346939,172.181122449,172.015306122,171.086734694,170.576530612,170.451530612,171.242346939,171.380102041,170.441326531,171.676020408,170.808673469,170.155612245,170.178571429,170.658163265,171.234693878,170.413265306,169.517857143,170.576530612,169.293367347,
144.602484472,146.0,150.714285714,152.360248447,156.322981366,160.931677019,160.260869565,162.801242236,146.291925466,147.472049689,152.093167702,155.459627329,160.428571429,165.49689441,166.074534161,166.590062112,149.155279503,150.900621118,154.98136646,159.080745342,165.279503106,171.304347826,171.02484472,170.819875776,153.298136646,156.372670807,159.48447205,165.223602484,170.316770186,176.00621118,176.614906832,174.217391304,156.062111801,160.726708075,165.260869565,170.98757764,174.02484472,178.608695652,179.968944099,178.01863354,159.434782609,164.329192547,169.50931677,174.291925466,175.329192547,179.776397516,180.366459627,179.378881988,162.105590062,167.49689441,172.50931677,175.670807453,175.639751553,179.198757764,179.273291925,179.391304348,162.739130435,167.937888199,173.428571429,174.857142857,174.813664596,177.434782609,177.391304348,175.559006211,
95.75,94.5,95.1071428571,100.285714286,100.535714286,105.714285714,113.0,125.0,100.571428571,100.642857143,103.535714286,110.5,116.607142857,122.785714286,132.892857143,146.392857143,111.321428571,113.571428571,120.214285714,131.785714286,142.214285714,152.678571429,163.75,174.285714286,130.75,137.5,151.357142857,165.392857143,176.75,187.178571429,193.535714286,196.214285714,158.214285714,171.142857143,186.964285714,195.857142857,202.571428571,206.428571429,208.0,206.214285714,185.035714286,196.678571429,209.071428571,211.821428571,212.535714286,210.607142857,209.392857143,209.25,200.892857143,205.392857143,212.392857143,213.178571429,214.535714286,211.321428571,209.678571429,208.178571429,206.214285714,206.214285714,208.678571429,208.678571429,212.428571429,211.142857143,210.035714286,206.928571429,
120.481927711,119.072289157,116.759036145,116.21686747,115.277108434,115.313253012,116.325301205,117.265060241,126.638554217,124.746987952,124.072289157,123.734939759,121.325301205,120.168674699,120.506024096,122.21686747,133.734939759,131.325301205,133.096385542,133.795180723,130.325301205,128.903614458,127.710843373,131.698795181,142.13253012,140.939759036,144.34939759,143.843373494,142.891566265,143.108433735,141.86746988,145.168674699,152.963855422,153.734939759,156.602409639,156.963855422,157.602409639,159.819277108,160.144578313,161.072289157,163.481927711,166.831325301,169.795180723,170.614457831,170.951807229,174.21686747,175.108433735,174.096385542,170.578313253,174.493975904,178.915662651,178.746987952,177.771084337,181.325301205,181.722891566,179.072289157,172.469879518,175.542168675,180.192771084,180.036144578,179.493975904,180.361445783,181.156626506,178.506024096,
133.901234568,133.654320988,141.962962963,149.888888889,164.555555556,176.148148148,179.950617284,180.679012346,131.740740741,131.419753086,139.086419753,150.222222222,165.469135802,177.925925926,183.074074074,183.283950617,128.111111111,130.098765432,138.160493827,149.703703704,164.333333333,177.765432099,183.481481481,184.703703704,125.555555556,128.802469136,136.567901235,149.444444444,164.160493827,175.913580247,183.12345679,185.222222222,122.666666667,125.87654321,134.222222222,150.802469136,164.864197531,176.777777778,181.777777778,184.160493827,121.740740741,123.197530864,133.432098765,149.185185185,165.617283951,177.271604938,179.839506173,179.641975309,121.172839506,122.24691358,131.728395062,146.407407407,163.938271605,176.098765432,175.814814815,174.567901235,121.691358025,122.790123457,128.962962963,144.061728395,163.407407407,173.679012346,173.444444444,171.543209877,
81.8503937008,107.992125984,132.039370079,143.42519685,150.614173228,153.763779528,153.393700787,152.543307087,80.6850393701,106.519685039,137.897637795,147.149606299,152.858267717,153.598425197,153.362204724,154.535433071,79.9212598425,110.905511811,143.472440945,148.511811024,154.74015748,153.228346457,153.322834646,154.897637795,82.7007874016,116.015748031,146.700787402,149.582677165,155.866141732,153.905511811,153.133858268,154.913385827,88.8503937008,120.590551181,148.503937008,151.440944882,156.566929134,153.377952756,151.724409449,153.417322835,93.8503937008,121.826771654,148.937007874,152.637795276,155.590551181,152.472440945,151.283464567,153.354330709,98.3543307087,121.763779528,147.236220472,151.307086614,154.724409449,152.913385827,152.527559055,153.543307087,101.346456693,121.181102362,144.464566929,150.322834646,153.913385827,153.598425197,153.204724409,153.362204724,
164.805970149,164.971807629,165.235489221,165.417910448,165.092868988,165.155887231,164.134328358,164.641791045,164.721393035,164.575456053,165.252072968,164.948590381,164.907131012,164.787728027,164.449419569,165.033167496,164.233830846,164.499170813,164.431177446,165.509121061,164.368159204,163.592039801,164.51907131,165.325041459,163.089552239,164.490878939,164.288557214,164.842454395,164.220563847,162.872305141,164.339966833,165.192371476,162.635157546,163.366500829,164.2039801,165.018242123,163.696517413,162.646766169,164.588723051,164.184079602,162.089552239,163.089552239,163.820895522,164.034825871,162.829187396,162.704809287,163.883913765,163.150912106,161.55721393,161.868988391,163.077943615,163.199004975,161.683250415,162.464344942,163.316749585,161.787728027,161.336650083,160.960199005,161.686567164,162.258706468,161.655058043,161.940298507,162.021558872,160.852404643,
155.860841424,158.063106796,156.037216828,155.752427184,158.677993528,154.935275081,156.291262136,157.210355987,157.496763754,158.470873786,155.857605178,157.800970874,158.056634304,154.66828479,158.097087379,157.176375405,158.792880259,158.275080906,156.098705502,158.451456311,156.438511327,155.954692557,158.838187702,156.165048544,159.478964401,157.182847896,157.496763754,158.192556634,154.953074434,157.993527508,158.71197411,154.859223301,158.490291262,157.229773463,159.0,157.415857605,155.373786408,159.216828479,157.187702265,155.100323625,157.90776699,158.079288026,159.985436893,156.475728155,156.987055016,159.16828479,156.04368932,156.870550162,157.459546926,159.610032362,159.313915858,156.215210356,159.300970874,157.715210356,155.833333333,159.299352751,157.944983819,159.758899676,157.503236246,157.760517799,160.05987055,156.258899676,156.969255663,159.86407767,
173.373134328,174.246268657,170.694029851,163.843283582,158.037313433,146.850746269,134.552238806,125.373134328,173.701492537,175.02238806,170.932835821,164.201492537,158.298507463,148.582089552,135.253731343,125.149253731,173.932835821,174.589552239,170.791044776,164.552238806,159.014925373,150.731343284,135.492537313,125.28358209,174.21641791,174.0,170.888059701,165.365671642,160.589552239,151.007462687,135.410447761,125.753731343,173.223880597,174.23880597,171.634328358,166.104477612,160.731343284,151.686567164,136.380597015,126.082089552,171.895522388,174.701492537,172.417910448,166.007462687,160.052238806,153.313432836,138.597014925,126.828358209,171.223880597,173.955223881,173.186567164,165.641791045,159.097014925,153.5,140.641791045,127.186567164,170.455223881,172.037313433,171.970149254,164.955223881,157.73880597,151.798507463,140.686567164,127.925373134,
186.680851064,139.468085106,142.659574468,199.212765957,121.446808511,148.14893617,184.191489362,130.404255319,180.808510638,123.510638298,174.276595745,178.617021277,109.829787234,180.404255319,162.638297872,127.531914894,156.957446809,127.170212766,202.021276596,136.659574468,126.787234043,199.574468085,132.212765957,138.574468085,130.361702128,160.021276596,194.212765957,103.127659574,171.425531915,181.872340426,114.404255319,162.574468085,123.212765957,191.617021277,158.021276596,108.106382979,200.957446809,147.021276596,123.106382979,174.617021277,142.893617021,196.489361702,117.829787234,146.191489362,199.404255319,114.085106383,150.191489362,172.85106383,167.14893617,174.340425532,107.936170213,184.085106383,166.978723404,109.914893617,178.70212766,154.489361702,182.191489362,139.446808511,130.531914894,199.829787234,124.404255319,139.255319149,183.680851064,130.212765957,
150.240310078,151.310077519,152.133074935,151.857881137,152.751937984,153.254521964,152.899224806,153.020671835,150.377260982,152.130490956,152.454780362,152.400516796,152.381136951,153.281653747,153.198966408,153.246770026,150.611111111,152.273901809,152.510335917,152.492248062,152.667958656,152.928940568,153.30620155,153.294573643,150.794573643,151.475452196,152.387596899,152.804909561,152.434108527,152.520671835,153.509043928,153.224806202,150.795865633,151.0,151.387596899,152.903100775,152.204134367,152.171834625,153.165374677,153.0,150.093023256,150.821705426,151.080103359,151.804909561,152.065891473,152.434108527,152.860465116,152.067183463,148.698966408,150.65374677,150.572351421,150.30749354,151.798449612,152.259689922,151.968992248,150.947028424,147.200258398,150.282945736,150.295865633,149.722222222,151.04005168,152.096899225,151.164082687,150.085271318,
145.283967391,144.991847826,146.33423913,145.580163043,146.019021739,146.369565217,145.69701087,144.735054348,145.510869565,145.298913043,146.641304348,146.823369565,145.805706522,146.02173913,145.237771739,144.733695652,145.792119565,145.942934783,146.60326087,147.205163043,145.938858696,145.474184783,144.789402174,145.13451087,146.586956522,146.563858696,146.029891304,147.163043478,146.331521739,144.986413043,144.355978261,144.778532609,146.637228261,146.663043478,146.086956522,146.345108696,146.107336957,144.955163043,143.232336957,144.317934783,146.217391304,146.262228261,146.081521739,145.807065217,145.148097826,144.717391304,143.05298913,143.66576087,145.850543478,145.764945652,145.752717391,145.188858696,144.849184783,143.756793478,143.650815217,143.637228261,145.672554348,145.535326087,145.036684783,144.872282609,144.808423913,143.504076087,143.489130435,144.119565217,
128.324561404,132.938596491,131.25877193,130.530701754,135.052631579,136.429824561,141.179824561,143.631578947,128.065789474,131.833333333,131.548245614,133.916666667,137.627192982,138.921052632,145.530701754,146.833333333,131.026315789,132.903508772,132.478070175,138.00877193,141.048245614,142.842105263,148.807017544,148.109649123,135.833333333,134.995614035,133.609649123,140.429824561,143.399122807,147.464912281,150.614035088,149.495614035,139.201754386,138.078947368,136.473684211,141.337719298,145.052631579,150.872807018,151.785087719,151.526315789,140.850877193,141.105263158,139.671052632,141.973684211,145.640350877,152.561403509,153.412280702,154.065789474,141.881578947,143.635964912,143.881578947,142.846491228,146.368421053,151.425438596,153.328947368,153.324561404,142.745614035,145.276315789,143.947368421,143.381578947,147.228070175,148.328947368,150.236842105,150.535087719,
140.965853659,141.990243902,140.258536585,139.770731707,138.100813008,137.105691057,137.050406504,136.513821138,141.362601626,142.011382114,140.198373984,139.068292683,137.248780488,136.286178862,136.437398374,135.928455285,140.871544715,140.843902439,140.074796748,138.304065041,136.253658537,136.0,136.504065041,136.261788618,139.614634146,139.177235772,139.621138211,138.333333333,135.352845528,136.349593496,136.941463415,137.356097561,138.598373984,138.048780488,138.422764228,137.975609756,136.159349593,136.510569106,138.479674797,138.606504065,138.230894309,137.783739837,136.978861789,137.570731707,138.144715447,138.234146341,139.414634146,139.658536585,137.757723577,138.047154472,137.198373984,137.504065041,139.832520325,140.58699187,140.008130081,140.565853659,138.107317073,138.666666667,138.554471545,139.380487805,140.843902439,141.726829268,141.25203252,140.954471545,
177.965517241,180.379310345,184.706896552,187.482758621,183.431034483,184.931034483,183.724137931,170.293103448,184.327586207,184.862068966,186.827586207,189.103448276,185.620689655,182.293103448,178.431034483,164.103448276,186.931034483,187.25862069,186.086206897,184.396551724,180.068965517,173.293103448,164.75862069,146.948275862,187.465517241,186.275862069,180.75862069,175.413793103,168.155172414,155.689655172,140.534482759,126.672413793,181.120689655,180.275862069,170.068965517,160.379310345,148.689655172,130.75862069,115.24137931,110.086206897,169.482758621,165.017241379,155.517241379,142.586206897,126.155172414,109.017241379,98.3275862069,97.9827586207,155.965517241,148.448275862,140.948275862,126.465517241,111.120689655,99.0517241379,92.0172413793,95.1551724138,144.913793103,138.655172414,128.620689655,113.206896552,101.224137931,96.6034482759,92.0517241379,96.8275862069,
154.166666667,149.882716049,147.345679012,145.586419753,139.925925926,133.172839506,126.166666667,118.703703704,153.512345679,149.975308642,149.277777778,147.240740741,141.067901235,132.759259259,123.888888889,113.12345679,153.771604938,152.561728395,150.104938272,147.209876543,140.512345679,131.586419753,120.283950617,109.191358025,155.820987654,154.543209877,150.75308642,145.740740741,137.382716049,128.135802469,116.660493827,104.765432099,158.061728395,155.104938272,149.191358025,142.99382716,132.87654321,123.555555556,112.401234568,100.234567901,158.25308642,153.901234568,147.543209877,139.703703704,128.611111111,119.030864198,107.648148148,96.8456790123,156.5,152.99382716,145.783950617,136.401234568,123.265432099,114.203703704,103.141975309,96.7283950617,155.271604938,149.185185185,142.882716049,131.166666667,118.543209877,109.87654321,102.216049383,97.6913580247,
152.606382979,150.361702128,150.212765957,152.882978723,153.478723404,148.489361702,142.978723404,143.989361702,148.223404255,148.595744681,150.617021277,151.872340426,149.606382979,145.180851064,141.829787234,143.010638298,140.744680851,142.170212766,146.968085106,147.042553191,143.095744681,140.319148936,140.191489362,137.765957447,130.712765957,132.329787234,137.074468085,137.585106383,133.212765957,132.053191489,132.276595745,128.734042553,115.170212766,119.457446809,124.021276596,122.904255319,118.734042553,120.276595745,120.595744681,116.712765957,102.085106383,105.0,110.382978723,106.872340426,102.936170213,106.180851064,107.510638298,105.031914894,93.4042553191,92.2978723404,97.4255319149,93.0212765957,91.8510638298,96.0425531915,95.9787234043,94.9574468085,89.3191489362,85.6170212766,88.4787234043,87.5638297872,87.329787234,91.7872340426,89.2340425532,88.5212765957,
149.745762712,150.644067797,147.576271186,152.457627119,149.101694915,144.033898305,138.559322034,137.237288136,149.389830508,148.627118644,145.728813559,149.237288136,143.93220339,134.491525424,130.169491525,128.86440678,140.847457627,140.305084746,136.542372881,134.525423729,127.881355932,122.355932203,117.118644068,112.694915254,125.0,122.440677966,117.966101695,114.474576271,108.118644068,102.305084746,96.1694915254,91.7966101695,105.915254237,105.0,99.0,92.1355932203,84.6101694915,79.2711864407,74.1186440678,72.6779661017,88.7457627119,86.3050847458,81.5254237288,72.9152542373,66.6949152542,63.3898305085,62.1355932203,61.9830508475,73.0677966102,72.593220339,69.0847457627,61.4576271186,60.0677966102,57.2881355932,55.3389830508,58.0,65.2542372881,64.5593220339,62.6440677966,58.4237288136,57.5423728814,54.4406779661,52.7796610169,55.7288135593,
152.608465608,152.132275132,150.772486772,151.645502646,153.777777778,155.010582011,153.518518519,151.873015873,151.978835979,152.444444444,152.015873016,152.53968254,152.216931217,153.931216931,154.402116402,152.878306878,149.841269841,150.862433862,151.761904762,150.55026455,148.894179894,151.259259259,151.746031746,149.428571429,145.010582011,145.396825397,148.560846561,146.661375661,144.423280423,144.46031746,146.751322751,145.148148148,140.306878307,138.222222222,141.428571429,140.275132275,136.656084656,137.248677249,138.841269841,138.439153439,133.243386243,131.026455026,131.968253968,131.0,128.285714286,128.253968254,129.126984127,131.275132275,126.867724868,125.121693122,123.624338624,122.91005291,120.894179894,120.349206349,121.338624339,124.894179894,124.402116402,122.931216931,120.560846561,118.671957672,117.947089947,118.941798942,118.428571429,122.28042328,
108.548387097,146.516129032,186.870967742,110.709677419,101.419354839,175.870967742,145.451612903,78.1612903226,111.451612903,175.806451613,162.258064516,88.0,134.806451613,181.612903226,107.387096774,85.7741935484,134.838709677,190.806451613,123.290322581,88.8064516129,169.806451613,160.548387097,80.1935483871,114.806451613,169.870967742,169.967741935,89.064516129,123.64516129,184.419354839,116.612903226,81.2903225806,149.0,192.612903226,131.806451613,86.1612903226,162.580645161,164.935483871,86.3870967742,110.032258065,157.612903226,177.548387097,96.3225806452,115.677419355,182.290322581,126.709677419,81.5483870968,142.903225806,142.580645161,141.806451613,92.2580645161,150.225806452,165.032258065,97.0322580645,110.35483871,151.451612903,109.580645161,105.129032258,113.322580645,170.193548387,131.580645161,90.8387096774,139.35483871,138.064516129,91.3548387097,
128.284274194,128.893145161,129.558467742,130.342741935,130.921370968,131.284274194,130.903225806,130.987903226,129.243951613,128.653225806,129.20766129,130.401209677,130.590725806,130.576612903,130.723790323,131.211693548,129.47983871,129.671370968,129.155241935,130.195564516,130.463709677,130.627016129,130.153225806,131.012096774,129.497983871,130.550403226,130.006048387,129.586693548,130.975806452,130.685483871,130.072580645,130.901209677,130.0,130.116935484,130.544354839,130.14516129,130.752016129,130.842741935,130.681451613,131.528225806,130.739919355,130.375,130.324596774,131.106854839,131.195564516,130.703629032,131.618951613,132.231854839,131.336693548,130.822580645,130.058467742,131.5,132.651209677,131.20766129,132.02016129,133.080645161,131.469758065,130.995967742,130.647177419,131.304435484,132.798387097,132.538306452,131.951612903,132.713709677,
112.812080537,108.912751678,115.436241611,123.66442953,124.744966443,126.865771812,138.684563758,149.355704698,109.543624161,107.181208054,115.006711409,121.134228188,121.187919463,126.456375839,140.469798658,150.483221477,106.348993289,105.281879195,113.630872483,118.577181208,119.812080537,127.369127517,143.060402685,150.718120805,103.583892617,103.013422819,112.208053691,116.946308725,120.067114094,127.872483221,142.953020134,150.865771812,102.510067114,104.55033557,111.637583893,115.597315436,119.241610738,128.939597315,143.926174497,149.174496644,103.33557047,106.073825503,112.677852349,114.677852349,118.751677852,129.711409396,144.020134228,148.617449664,103.369127517,108.308724832,113.288590604,114.583892617,119.637583893,130.832214765,144.134228188,147.194630872,103.838926174,110.228187919,114.174496644,115.33557047,120.684563758,131.234899329,142.758389262,144.463087248,
123.250620347,123.111662531,121.868486352,121.538461538,122.342431762,122.808933002,122.617866005,122.039702233,122.558312655,122.870967742,121.59057072,122.253101737,122.136476427,121.635235732,122.009925558,121.416873449,122.220843672,122.327543424,121.079404467,121.913151365,122.012406948,120.406947891,121.612903226,121.007444169,121.669975186,121.937965261,121.493796526,122.300248139,121.925558313,120.99751861,121.694789082,121.682382134,121.084367246,121.660049628,122.344913151,122.347394541,121.506203474,122.047146402,121.665012407,120.732009926,120.674937965,121.248138958,122.64764268,122.317617866,120.1191067,121.253101737,121.481389578,119.717121588,120.243176179,120.565756824,121.280397022,121.203473945,119.759305211,119.612903226,120.069478908,119.709677419,118.856079404,119.863523573,120.253101737,119.578163772,119.600496278,119.228287841,119.253101737,120.300248139,
108.885135135,110.718468468,111.977477477,112.864864865,112.853603604,113.900900901,115.864864865,115.921171171,108.759009009,109.630630631,112.231981982,112.63963964,112.984234234,114.150900901,115.105855856,116.202702703,109.576576577,109.882882883,111.346846847,112.481981982,112.765765766,114.587837838,115.443693694,115.763513514,109.398648649,110.779279279,111.006756757,111.407657658,113.247747748,114.407657658,115.144144144,115.385135135,108.599099099,110.707207207,111.608108108,111.355855856,112.502252252,112.846846847,114.576576577,114.905405405,108.067567568,109.79954955,110.844594595,111.59009009,111.511261261,111.193693694,113.369369369,114.704954955,108.781531532,109.355855856,110.018018018,111.527027027,110.59009009,110.81981982,112.718468468,113.763513514,109.367117117,109.202702703,109.515765766,111.240990991,110.195945946,110.864864865,112.538288288,113.213963964,
120.887323944,116.338028169,112.669014085,108.26056338,107.316901408,103.5,95.3943661972,94.2746478873,122.345070423,119.591549296,111.943661972,106.556338028,107.014084507,106.11971831,94.7394366197,89.4929577465,121.894366197,122.309859155,112.309859155,107.295774648,108.105633803,105.338028169,94.8028169014,88.0915492958,121.718309859,122.035211268,114.633802817,110.64084507,109.838028169,103.077464789,97.9647887324,92.9647887324,124.35915493,122.570422535,114.598591549,113.190140845,112.971830986,103.154929577,98.514084507,96.7957746479,127.908450704,125.387323944,116.042253521,113.204225352,115.274647887,107.873239437,98.9014084507,97.4577464789,128.253521127,127.788732394,119.521126761,112.950704225,114.535211268,112.23943662,101.85915493,98.9295774648,125.957746479,127.091549296,124.345070423,117.183098592,112.76056338,113.422535211,109.464788732,104.774647887,
98.8333333333,98.6965174129,98.9850746269,99.7661691542,99.3358208955,101.330845771,103.68159204,102.843283582,97.4228855721,98.7164179104,99.6865671642,100.134328358,100.087064677,100.569651741,103.23880597,103.800995025,98.1268656716,98.5746268657,99.9900497512,100.726368159,101.641791045,101.502487562,102.868159204,103.815920398,99.8383084577,98.7288557214,100.753731343,101.870646766,102.544776119,103.2039801,102.684079602,103.701492537,100.293532338,100.139303483,101.679104478,102.365671642,102.368159204,104.194029851,103.308457711,102.482587065,100.427860697,101.303482587,102.039800995,102.263681592,101.883084577,103.577114428,104.445273632,103.435323383,100.519900498,101.106965174,101.111940299,101.388059701,102.564676617,103.890547264,104.338308458,103.756218905,100.853233831,100.490049751,101.002487562,101.482587065,103.009950249,104.231343284,103.813432836,103.962686567,
81.1025641026,88.1794871795,112.0,138.846153846,166.41025641,172.512820513,173.743589744,169.102564103,80.0256410256,81.8717948718,108.128205128,135.307692308,166.307692308,174.692307692,176.58974359,170.282051282,78.8205128205,74.2820512821,99.1794871795,127.769230769,163.307692308,176.179487179,177.820512821,172.538461538,76.5384615385,68.3333333333,88.0256410256,120.256410256,161.358974359,177.615384615,177.948717949,174.307692308,75.5897435897,67.3333333333,77.0256410256,113.641025641,157.923076923,175.974358974,175.128205128,172.230769231,79.0769230769,68.8205128205,70.5897435897,107.051282051,154.102564103,172.41025641,172.641025641,170.256410256,84.9743589744,71.4871794872,66.5641025641,96.641025641,145.974358974,166.820512821,169.948717949,169.820512821,90.0256410256,76.7435897436,66.6923076923,88.6923076923,135.333333333,158.641025641,168.025641026,168.025641026,
63.5802469136,64.2222222222,74.7037037037,96.2592592593,117.197530864,134.740740741,139.666666667,138.765432099,60.5555555556,61.037037037,75.3333333333,101.197530864,126.160493827,140.49382716,141.987654321,141.62962963,56.5925925926,59.2222222222,77.6790123457,109.444444444,134.580246914,143.765432099,142.62962963,139.49382716,55.4814814815,59.7530864198,86.3209876543,120.925925926,142.864197531,143.358024691,141.728395062,138.75308642,56.3209876543,64.5061728395,99.1604938272,134.296296296,146.950617284,139.555555556,140.148148148,140.62962963,59.0740740741,72.3950617284,108.530864198,141.432098765,146.234567901,140.172839506,142.111111111,141.382716049,64.6419753086,82.2962962963,115.567901235,141.617283951,144.061728395,142.135802469,140.024691358,140.567901235,75.5308641975,92.0864197531,120.061728395,140.913580247,142.111111111,141.061728395,137.987654321,140.345679012,
73.9642857143,72.6607142857,74.2142857143,81.2946428571,94.0892857143,107.678571429,122.910714286,134.223214286,69.5178571429,68.4107142857,69.7232142857,76.3303571429,91.8125,109.0,127.008928571,135.017857143,66.6696428571,66.2142857143,67.5535714286,74.375,91.75,110.848214286,127.455357143,133.964285714,66.1339285714,63.625,67.1696428571,73.9732142857,92.5089285714,113.4375,127.071428571,135.803571429,65.25,63.2946428571,67.0535714286,75.7321428571,93.6607142857,115.464285714,127.705357143,136.910714286,66.2053571429,65.2946428571,68.9196428571,78.3482142857,94.9821428571,115.589285714,128.473214286,138.107142857,68.1339285714,67.6160714286,72.1428571429,80.4375,96.0982142857,114.839285714,128.142857143,137.294642857,70.75,69.7946428571,75.0803571429,84.6428571429,97.7142857143,114.946428571,126.285714286,135.919642857,
54.2162162162,54.5540540541,52.8918918919,54.1081081081,56.8918918919,63.9324324324,77.7837837838,94.4189189189,52.3243243243,53.2027027027,51.9459459459,53.3378378378,56.4459459459,65.2837837838,80.6486486486,99.2837837838,51.527027027,51.7567567568,52.2702702703,52.9324324324,56.3513513514,67.7027027027,84.5945945946,106.554054054,51.5,51.5675675676,53.027027027,52.1486486486,58.2837837838,70.2567567568,89.3108108108,113.986486486,52.6081081081,51.7162162162,52.5,53.6486486486,59.4324324324,73.027027027,96.4324324324,118.878378378,53.2162162162,52.6756756757,52.2027027027,56.0540540541,63.3243243243,78.4054054054,104.851351351,122.297297297,54.2297297297,52.7162162162,53.7297297297,57.5945945946,69.7837837838,87.8783783784,110.743243243,126.783783784,54.6891891892,53.9054054054,55.3918918919,61.2162162162,76.2027027027,96.9864864865,114.891891892,129.391891892,
164.84375,141.1875,116.3125,95.5625,84.40625,88.46875,101.625,109.25,178.0625,162.71875,127.03125,101.96875,85.3125,84.90625,97.1875,108.6875,188.21875,182.1875,143.5625,111.0,91.15625,84.21875,92.84375,105.59375,194.21875,192.6875,161.75,123.5,100.15625,85.75,90.84375,100.0,195.90625,197.09375,175.375,140.75,115.5,97.34375,91.96875,98.09375,195.53125,196.71875,184.78125,160.0625,132.9375,108.15625,99.125,103.4375,195.65625,197.84375,191.125,176.53125,148.46875,119.21875,108.65625,108.8125,196.40625,197.46875,192.96875,184.90625,161.5625,129.40625,116.59375,112.375,
146.388235294,147.517647059,148.435294118,140.517647059,117.623529412,87.8117647059,67.4941176471,67.3176470588,147.023529412,149.0,150.729411765,143.270588235,120.047058824,89.5647058824,65.7176470588,64.6941176471,146.764705882,149.505882353,150.882352941,146.623529412,124.0,91.4705882353,66.8705882353,62.4941176471,145.564705882,149.035294118,151.929411765,148.282352941,125.752941176,93.4823529412,68.1882352941,60.8352941176,145.882352941,149.529411765,153.329411765,150.247058824,128.329411765,95.9294117647,70.9176470588,60.8352941176,147.952941176,149.305882353,154.917647059,152.894117647,130.964705882,98.4588235294,74.3882352941,62.3529411765,147.635294118,149.835294118,154.094117647,154.258823529,131.517647059,101.329411765,75.6823529412,64.3411764706,146.917647059,148.847058824,153.129411765,151.752941176,130.294117647,103.752941176,77.8470588235,66.0941176471,
165.315789474,164.666666667,161.807017544,147.192982456,118.964912281,93.5964912281,81.6842105263,72.1929824561,166.543859649,167.052631579,157.789473684,136.877192982,106.929824561,79.7719298246,72.1754385965,68.350877193,164.368421053,161.929824561,148.473684211,125.385964912,92.4385964912,68.8421052632,64.350877193,65.649122807,157.631578947,156.543859649,143.298245614,110.684210526,80.1929824561,65.4736842105,60.1929824561,67.2105263158,155.140350877,151.912280702,134.333333333,98.701754386,71.4210526316,63.4561403509,59.9649122807,72.3333333333,156.578947368,142.456140351,124.596491228,92.6842105263,66.4912280702,61.1754385965,65.5964912281,75.2105263158,152.98245614,131.421052632,111.736842105,87.8421052632,63.2631578947,63.5263157895,71.3684210526,75.3684210526,144.947368421,122.052631579,99.8947368421,83.2456140351,64.3859649123,69.2456140351,73.0877192982,76.3333333333,
135.011627907,128.302325581,108.255813953,81.8720930233,65.8837209302,62.3604651163,59.8837209302,64.7906976744,138.337209302,131.441860465,105.302325581,78.1976744186,64.3953488372,59.8720930233,58.6511627907,63.4186046512,142.802325581,133.918604651,103.11627907,77.4418604651,64.6395348837,58.1046511628,58.7325581395,64.4186046512,147.209302326,133.069767442,103.186046512,79.9651162791,65.0813953488,59.2441860465,59.976744186,64.6976744186,147.127906977,131.069767442,105.372093023,81.8488372093,64.2441860465,60.1162790698,60.2674418605,65.2093023256,143.38372093,129.406976744,109.360465116,84.1744186047,66.1162790698,60.7325581395,61.476744186,67.2209302326,138.965116279,130.73255814,111.081395349,84.511627907,68.0465116279,63.3255813953,63.5930232558,69.2906976744,136.069767442,129.906976744,111.220930233,85.0930232558,71.8953488372,65.3255813953,65.2093023256,71.6046511628,
143.057471264,143.827586207,122.08045977,109.597701149,109.195402299,97.6896551724,90.4827586207,107.67816092,147.804597701,137.367816092,114.954022989,108.494252874,102.356321839,89.9195402299,97.1034482759,112.183908046,146.011494253,124.505747126,109.333333333,108.505747126,91.091954023,85.2643678161,106.367816092,110.551724138,134.885057471,112.137931034,107.045977011,101.643678161,83.091954023,89.8620689655,110.885057471,105.195402299,123.620689655,105.988505747,104.67816092,90.6551724138,80.8965517241,98.4712643678,109.0,102.643678161,114.643678161,107.218390805,100.206896552,80.4712643678,86.3103448276,101.965517241,101.896551724,104.827586207,109.459770115,106.390804598,91.3103448276,80.2643678161,95.1724137931,99.0114942529,97.5057471264,109.022988506,106.459770115,100.436781609,85.5057471264,88.8850574713,99.8965517241,94.0114942529,98.4827586207,110.091954023,
96.9487179487,94.4615384615,92.9102564103,93.8269230769,93.0,91.4807692308,94.4006410256,95.9006410256,96.6987179487,92.9102564103,90.9166666667,93.5769230769,92.875,91.4903846154,92.858974359,93.8782051282,95.5929487179,91.6730769231,89.7788461538,91.6346153846,92.4455128205,92.2788461538,91.9647435897,92.4871794872,93.891025641,90.9006410256,89.2307692308,88.6474358974,90.5320512821,91.5929487179,90.9519230769,92.4647435897,92.2724358974,89.5641025641,88.5,86.9615384615,87.5737179487,89.2083333333,90.4230769231,93.7083333333,91.9006410256,88.7467948718,86.4583333333,86.6570512821,86.0032051282,86.6121794872,90.7403846154,93.7532051282,92.2820512821,88.6570512821,85.0352564103,86.4807692308,85.0576923077,84.7948717949,90.1538461538,91.6826923077,92.0608974359,87.3782051282,85.1474358974,86.6602564103,83.5,84.9038461538,88.9519230769,88.8525641026,
94.0849056604,94.8018867925,97.3018867925,96.6886792453,93.1037735849,82.820754717,70.5471698113,65.858490566,93.7169811321,97.4056603774,100.650943396,98.3867924528,97.4056603774,84.8867924528,67.4056603774,63.6603773585,93.5,101.311320755,102.113207547,102.0,102.141509434,85.1698113208,66.5566037736,64.4150943396,93.2169811321,104.603773585,105.528301887,105.820754717,104.698113208,86.8018867925,68.7452830189,64.5,93.5660377358,105.858490566,105.943396226,106.679245283,106.698113208,88.358490566,71.8396226415,65.3962264151,96.141509434,105.056603774,105.339622642,107.575471698,105.905660377,90.3490566038,72.9433962264,68.1509433962,99.6320754717,102.358490566,105.113207547,107.877358491,105.037735849,92.8490566038,77.3867924528,72.6981132075,99.8490566038,101.41509434,104.056603774,107.226415094,104.20754717,95.820754717,82.5283018868,77.9716981132,
85.371257485,78.8323353293,80.9341317365,77.7724550898,72.0778443114,72.8622754491,68.4790419162,66.9281437126,84.1676646707,82.2814371257,83.2035928144,76.3892215569,70.1856287425,71.0598802395,67.8263473054,66.6107784431,86.2395209581,87.1916167665,82.2395209581,73.8982035928,69.4670658683,68.4371257485,67.5808383234,66.1796407186,89.3832335329,90.5389221557,80.3233532934,73.2634730539,69.6167664671,67.9640718563,66.8383233533,64.2814371257,92.0,91.6886227545,80.8383233533,74.4910179641,70.9161676647,67.5209580838,65.2395209581,63.5688622754,92.9820359281,91.7245508982,83.5389221557,77.9041916168,71.4491017964,67.8562874251,65.371257485,64.8263473054,92.5329341317,90.8263473054,85.3652694611,78.5808383234,71.3173652695,69.0359281437,65.9041916168,66.0778443114,91.7724550898,89.1736526946,85.6646706587,77.8023952096,72.1017964072,70.8143712575,66.9640718563,68.0838323353,
90.1348314607,86.1685393258,83.9550561798,83.797752809,85.2247191011,89.6629213483,94.4831460674,96.4943820225,94.1573033708,90.9887640449,91.0337078652,90.6966292135,93.191011236,100.179775281,107.539325843,108.764044944,103.921348315,103.168539326,105.101123596,106.08988764,108.483146067,117.033707865,125.191011236,124.887640449,116.033707865,119.078651685,119.685393258,121.101123596,125.0,131.550561798,138.460674157,138.146067416,126.685393258,128.247191011,130.02247191,132.730337079,136.078651685,140.707865169,145.988764045,145.561797753,132.112359551,135.853932584,138.292134831,141.460674157,146.213483146,146.247191011,148.269662921,147.988764045,138.157303371,143.191011236,144.786516854,148.786516854,152.707865169,151.224719101,148.921348315,146.730337079,145.393258427,147.359550562,146.966292135,152.202247191,154.842696629,150.876404494,147.404494382,145.471910112,
61.0727272727,59.1454545455,58.8363636364,55.4727272727,55.4727272727,57.0909090909,58.5636363636,63.9818181818,59.6727272727,58.8727272727,58.7636363636,56.0,56.8,58.4363636364,60.6909090909,67.5090909091,67.9454545455,64.2,62.9454545455,64.3090909091,65.1636363636,68.1090909091,73.4545454545,79.2363636364,84.4909090909,81.7272727273,84.4545454545,86.0909090909,86.2727272727,91.4909090909,97.5090909091,99.4545454545,104.090909091,110.6,115.581818182,116.909090909,114.945454545,120.618181818,126.454545455,121.545454545,123.727272727,133.4,139.054545455,139.0,137.0,143.127272727,146.6,137.527272727,140.218181818,148.036363636,153.254545455,150.836363636,149.254545455,154.981818182,154.490909091,145.763636364,151.418181818,156.509090909,157.890909091,156.581818182,156.018181818,156.727272727,153.672727273,149.636363636,
49.0166666667,48.25,46.2666666667,45.7,47.25,49.6166666667,51.2166666667,51.5333333333,46.95,45.7833333333,44.6666666667,44.3333333333,46.0,48.5,49.95,51.7166666667,48.2666666667,47.5333333333,45.7333333333,48.4,50.1,51.4833333333,53.5666666667,57.6666666667,58.0833333333,54.5666666667,54.8166666667,57.75,58.65,61.5,65.1,70.05,75.3,72.3333333333,71.65,75.1166666667,76.3166666667,79.55,83.2,87.8166666667,97.2166666667,96.7166666667,96.7333333333,99.5833333333,100.8,101.516666667,104.883333333,108.433333333,116.7,119.25,117.883333333,121.066666667,121.733333333,117.916666667,118.3,121.75,129.5,132.583333333,130.333333333,133.983333333,133.45,129.266666667,126.8,127.583333333,
35.25,34.4375,34.0625,34.6666666667,34.4791666667,34.4791666667,35.3125,37.4583333333,34.6041666667,35.2083333333,34.75,34.625,34.6875,34.4791666667,35.3333333333,36.75,35.6875,35.375,36.125,36.5,37.1458333333,36.375,36.9375,38.9583333333,37.3541666667,37.9166666667,40.7291666667,41.9166666667,42.125,41.25,42.25,43.25,42.3125,43.8541666667,46.25,50.1458333333,51.7916666667,49.0833333333,48.8958333333,50.5416666667,54.4791666667,55.8333333333,58.2291666667,64.2708333333,67.75,65.9166666667,64.8958333333,63.7291666667,74.1666666667,77.4583333333,79.4791666667,87.0625,89.1041666667,89.0208333333,86.9375,83.7083333333,92.8541666667,99.4375,100.104166667,105.166666667,106.729166667,108.208333333,105.875,98.8333333333,
73.4361702128,73.1276595745,75.8723404255,78.4627659574,78.0053191489,81.8404255319,85.0053191489,85.5265957447,70.5159574468,71.3085106383,74.920212766,78.3191489362,80.0319148936,85.085106383,85.7712765957,84.1542553191,67.75,69.6063829787,75.3457446809,79.7127659574,83.8882978723,86.25,84.5053191489,82.8670212766,66.9095744681,69.7180851064,76.8510638298,82.3882978723,85.2287234043,86.5212765957,85.6223404255,83.0159574468,68.25,71.420212766,77.6914893617,83.4308510638,84.6063829787,88.3138297872,88.1329787234,83.6489361702,70.2925531915,71.7446808511,78.1170212766,82.75,84.0744680851,90.835106383,90.9468085106,84.1914893617,71.2446808511,72.0425531915,78.8882978723,82.420212766,84.829787234,92.1223404255,90.3989361702,85.2659574468,72.4414893617,74.6755319149,81.2765957447,83.5957446809,85.75,91.0478723404,88.0585106383,86.0691489362,
72.1954022989,68.2298850575,73.5977011494,83.6436781609,92.7586206897,105.16091954,112.724137931,108.827586207,67.7471264368,64.1494252874,68.724137931,78.2413793103,87.8850574713,103.034482759,112.597701149,106.942528736,62.4367816092,61.4827586207,66.1264367816,72.0689655172,81.7471264368,96.0689655172,105.436781609,104.183908046,57.6551724138,57.1609195402,62.1034482759,65.183908046,73.5517241379,86.1494252874,94.6206896552,99.3908045977,55.7356321839,54.6091954023,56.9770114943,59.4137931034,68.3218390805,79.367816092,86.2298850575,93.8045977011,54.5287356322,52.4252873563,52.4827586207,56.4022988506,62.8965517241,70.3103448276,78.367816092,84.4942528736,55.2413793103,51.3908045977,50.7701149425,54.7011494253,59.0574712644,66.1264367816,70.5977011494,76.4022988506,56.2183908046,51.7011494253,50.7586206897,53.6436781609,55.7126436782,61.8275862069,66.1954022989,75.3563218391,
69.5773809524,69.556547619,67.7410714286,65.6220238095,67.1845238095,68.5297619048,68.5,69.6488095238,68.3928571429,67.8095238095,66.494047619,66.0714285714,66.3244047619,67.4226190476,67.9910714286,68.8988095238,67.4910714286,66.9880952381,66.005952381,66.4672619048,66.4851190476,66.943452381,68.2083333333,69.0863095238,67.7380952381,66.3541666667,65.9732142857,66.5148809524,66.3422619048,66.9672619048,68.4404761905,68.943452381,67.7351190476,66.1964285714,65.5922619048,66.4851190476,66.6339285714,67.5922619048,69.130952381,68.943452381,67.5803571429,66.1607142857,66.0446428571,65.9404761905,66.1994047619,68.1130952381,68.8422619048,68.806547619,67.7083333333,67.0714285714,65.931547619,65.505952381,66.2797619048,68.369047619,68.8869047619,70.0654761905,68.4345238095,67.5654761905,66.4613095238,65.619047619,66.5178571429,68.9196428571,69.8452380952,72.0327380952,
63.3828715365,59.9042821159,59.3198992443,59.6977329975,59.2267002519,59.435768262,59.1435768262,61.1536523929,61.3476070529,58.8866498741,57.8866498741,59.0554156171,59.0881612091,59.0604534005,58.3803526448,60.5516372796,60.2216624685,58.0705289673,57.3576826196,58.604534005,59.2921914358,58.3702770781,58.5465994962,60.4735516373,59.7103274559,57.677581864,57.1536523929,58.1460957179,58.9571788413,58.6322418136,58.7934508816,60.0957178841,59.4458438287,57.3073047859,57.1309823678,58.0478589421,58.7556675063,58.5188916877,58.4130982368,60.2317380353,58.9294710327,57.3929471033,57.3602015113,58.0730478589,59.0780856423,58.3753148615,58.3803526448,60.0251889169,59.4055415617,57.7682619647,57.9546599496,58.322418136,58.6473551637,57.7884130982,58.59697733,60.8085642317,60.4256926952,58.5264483627,58.4735516373,59.0151133501,58.5894206549,58.8413098237,59.6750629723,61.8715365239,
135.975308642,137.740740741,126.987654321,116.098765432,111.345679012,105.296296296,96.9259259259,88.4074074074,127.222222222,126.456790123,112.444444444,99.6049382716,93.7037037037,87.2469135802,80.5802469136,74.024691358,113.074074074,108.098765432,96.7901234568,85.1234567901,77.4814814815,74.5925925926,69.1481481481,65.1851851852,96.2962962963,91.1358024691,85.8641975309,76.5925925926,69.8641975309,66.4074074074,62.2345679012,61.0,83.7037037037,77.8024691358,76.2098765432,69.5679012346,63.6666666667,61.5925925926,57.9012345679,57.5925925926,75.1975308642,69.3456790123,66.7407407407,63.4814814815,59.2716049383,58.7777777778,56.4074074074,57.5308641975,69.8024691358,63.9382716049,60.4814814815,58.5555555556,57.6172839506,57.024691358,57.024691358,58.1481481481,67.1111111111,62.3333333333,58.1728395062,58.2592592593,57.7530864198,57.2345679012,58.5185185185,58.8518518519,
87.2,74.175,64.2875,52.3125,45.975,43.175,40.3875,40.5,90.5625,75.275,63.4125,53.55,46.375,41.825,39.0875,38.9625,92.475,77.375,64.4875,53.6625,46.6375,40.8,39.05,38.7375,92.7375,81.2125,66.0125,54.45,47.0625,40.7375,40.1625,38.75,94.4,86.575,69.525,54.35,46.525,43.15,39.6875,38.975,98.925,90.15,70.05,57.8125,48.275,43.1875,39.825,39.25,100.7375,89.15,71.6125,60.35,49.5625,41.8625,40.5875,40.6875,98.8875,85.1125,75.25,64.6875,49.975,44.5625,42.8125,43.2,
34.0853658537,34.0609756098,34.2804878049,35.6219512195,38.5243902439,47.8048780488,60.3414634146,75.0609756098,32.9756097561,33.2926829268,33.2682926829,34.1585365854,37.3170731707,45.3536585366,60.4268292683,75.0,33.1341463415,33.2682926829,32.4024390244,34.4634146341,37.987804878,43.6585365854,60.9756097561,75.7073170732,32.9756097561,32.4268292683,32.7073170732,34.8414634146,37.9512195122,44.987804878,60.3292682927,76.6829268293,33.6707317073,32.2926829268,33.243902439,34.5853658537,39.1219512195,45.3292682927,59.8658536585,81.5243902439,33.6829268293,33.2317073171,33.3292682927,35.3048780488,39.3902439024,44.7073170732,61.4390243902,87.5243902439,33.5243902439,33.6463414634,33.4634146341,35.0365853659,39.5731707317,45.9268292683,67.8902439024,91.0487804878,34.512195122,34.1585365854,34.0243902439,35.9756097561,40.6097560976,51.256097561,74.0,88.0365853659,
49.4581818182,47.8981818182,47.8581818182,47.1854545455,46.92,46.3018181818,46.4,46.6690909091,48.7781818182,47.7454545455,47.2472727273,46.7890909091,46.4363636364,46.0909090909,46.0218181818,46.28,49.2836363636,47.9127272727,47.3163636364,46.5090909091,46.5381818182,45.9927272727,45.6509090909,45.8254545455,49.5454545455,47.7963636364,47.1818181818,46.7927272727,46.5163636364,45.8945454545,45.4036363636,45.72,49.72,47.7781818182,47.0145454545,46.8945454545,46.6690909091,45.4327272727,45.2581818182,45.56,49.6727272727,48.0872727273,46.9163636364,46.7818181818,46.5963636364,45.8,45.6363636364,45.68,49.5454545455,47.96,47.0109090909,46.8690909091,46.1272727273,46.1018181818,45.8836363636,45.4981818182,49.9636363636,47.8327272727,47.8727272727,47.0945454545,46.6981818182,46.4581818182,46.6872727273,46.6036363636,
97.5576923077,96.4423076923,91.3461538462,84.0,80.6730769231,78.6346153846,71.6923076923,66.7884615385,79.6538461538,77.0769230769,70.0769230769,65.1538461538,61.8076923077,59.9807692308,55.5576923077,54.5576923077,63.5576923077,61.5961538462,54.0384615385,52.4038461538,48.6923076923,46.6346153846,47.6730769231,46.9615384615,53.4615384615,49.9230769231,46.4807692308,45.1923076923,43.1538461538,40.4423076923,41.4230769231,41.5769230769,46.0769230769,42.8269230769,41.3461538462,39.5961538462,38.8846153846,39.0769230769,36.0961538462,36.3846153846,42.6346153846,39.3461538462,37.9807692308,36.8846153846,37.4615384615,37.0576923077,35.6730769231,34.4807692308,40.3653846154,38.2115384615,36.2115384615,35.0769230769,35.0384615385,36.2692307692,35.25,35.0192307692,39.4038461538,36.3076923077,35.4423076923,34.0769230769,34.4423076923,35.5576923077,35.6730769231,35.6346153846,
42.3108614232,40.65917603,39.3483146067,39.0936329588,38.3558052434,37.0262172285,37.3970037453,38.0337078652,40.4756554307,39.5018726592,38.1123595506,37.0561797753,37.2134831461,36.606741573,36.2996254682,37.3970037453,39.65917603,38.8352059925,36.7565543071,36.8539325843,36.5168539326,35.7041198502,36.1048689139,37.1573033708,39.5767790262,38.0337078652,36.7827715356,36.3970037453,35.8689138577,35.3258426966,35.5917602996,36.8352059925,39.138576779,36.9925093633,36.6516853933,36.1722846442,35.4531835206,35.4157303371,35.5880149813,37.1835205993,38.531835206,36.7303370787,36.3483146067,35.9513108614,35.8501872659,35.8052434457,36.2359550562,37.1835205993,38.1872659176,36.9438202247,36.0711610487,36.1011235955,36.0674157303,36.3520599251,36.925093633,37.3220973783,38.6292134831,37.7378277154,36.7453183521,36.6329588015,36.7228464419,36.7116104869,37.1947565543,37.7565543071,
30.68359375,29.71875,28.828125,28.44921875,27.92578125,28.65625,29.390625,30.359375,29.9296875,29.41796875,28.20703125,27.87890625,27.8671875,27.875,28.7265625,30.296875,29.52734375,29.02734375,28.0859375,27.63671875,27.609375,27.70703125,28.234375,29.57421875,29.796875,28.88671875,27.89453125,27.30078125,27.46875,27.8359375,28.171875,28.84765625,29.6953125,28.51953125,28.0,27.63671875,27.57421875,28.03515625,27.98046875,28.74609375,29.7578125,29.140625,28.265625,27.95703125,27.87109375,28.3515625,28.28125,29.40234375,30.13671875,29.5078125,28.515625,28.37890625,28.375,28.828125,28.70703125,30.35546875,30.953125,30.046875,29.3203125,29.16015625,28.8671875,29.0390625,29.32421875,31.1953125,
16.6981132075,16.2641509434,16.641509434,15.9811320755,14.6226415094,14.1509433962,13.641509434,13.8113207547,15.6981132075,15.5471698113,15.0943396226,15.358490566,14.7358490566,13.9056603774,13.2452830189,13.0377358491,15.7547169811,15.0754716981,14.5094339623,14.1509433962,13.9245283019,14.0,13.0943396226,13.0943396226,15.3396226415,14.641509434,14.0566037736,13.4716981132,13.0943396226,13.0,12.3396226415,13.320754717,15.5471698113,14.9245283019,14.0566037736,13.9056603774,13.1320754717,12.8301886792,12.358490566,13.8301886792,15.7547169811,15.2075471698,14.5660377358,13.9811320755,13.1886792453,12.9245283019,12.3962264151,14.3018867925,15.7547169811,15.1698113208,14.0566037736,13.9622641509,13.2641509434,12.9811320755,12.3962264151,13.2830188679,15.7169811321,15.5094339623,14.641509434,13.9433962264,13.4150943396,13.3962264151,12.6226415094,13.679245283,
