214.895833333,216.291666667,217.6875,218.875,218.833333333,217.895833333,215.604166667,209.9375,214.979166667,216.520833333,218.041666667,218.791666667,219.208333333,219.041666667,217.6875,213.958333333,214.875,216.604166667,217.916666667,218.6875,219.0,219.354166667,218.395833333,216.479166667,214.916666667,216.229166667,217.770833333,218.583333333,218.895833333,219.25,218.979166667,217.229166667,214.166666667,215.8125,217.083333333,218.291666667,218.875,219.354166667,219.208333333,217.875,213.416666667,215.0,216.75,217.729166667,218.375,219.208333333,219.104166667,217.958333333,212.895833333,214.833333333,215.958333333,217.291666667,218.145833333,218.375,218.854166667,217.833333333,212.229166667,214.291666667,215.395833333,216.833333333,217.708333333,217.8125,217.895833333,217.145833333,
208.247191011,209.033707865,210.033707865,210.921348315,211.460674157,211.606741573,211.382022472,211.370786517,208.202247191,209.404494382,210.516853933,211.314606742,211.168539326,211.483146067,211.595505618,211.393258427,208.393258427,209.629213483,210.460674157,210.797752809,211.191011236,211.516853933,211.764044944,211.438202247,208.584269663,209.662921348,209.921348315,210.662921348,211.426966292,211.584269663,211.617977528,211.550561798,208.337078652,209.224719101,210.292134831,210.719101124,211.02247191,210.988764045,211.382022472,211.494382022,208.775280899,209.06741573,209.966292135,210.617977528,210.93258427,211.202247191,211.370786517,211.483146067,208.471910112,209.494382022,209.865168539,210.483146067,211.146067416,211.314606742,211.303370787,211.146067416,208.404494382,209.224719101,209.707865169,210.382022472,210.831460674,210.730337079,210.797752809,210.573033708,
208.269230769,211.884615385,211.384615385,208.769230769,202.884615385,196.115384615,185.576923077,178.730769231,209.115384615,213.730769231,213.076923077,209.807692308,205.230769231,199.730769231,191.769230769,180.846153846,210.846153846,214.307692308,213.192307692,210.038461538,206.0,203.5,195.576923077,181.461538462,211.269230769,213.961538462,212.538461538,209.730769231,207.653846154,204.269230769,197.5,182.730769231,211.807692308,213.461538462,211.076923077,209.5,208.576923077,202.769230769,195.461538462,184.192307692,211.153846154,212.884615385,212.076923077,210.230769231,207.076923077,199.884615385,193.153846154,181.5,209.153846154,212.192307692,212.038461538,209.461538462,203.153846154,197.538461538,188.076923077,172.846153846,206.807692308,210.076923077,209.692307692,205.038461538,198.038461538,190.807692308,177.384615385,162.692307692,
202.415584416,202.337662338,202.207792208,202.792207792,203.246753247,203.220779221,203.0,202.025974026,201.896103896,202.116883117,202.12987013,203.064935065,203.818181818,203.571428571,204.077922078,204.272727273,201.597402597,202.012987013,202.428571429,203.272727273,204.220779221,203.831168831,204.558441558,205.012987013,201.766233766,202.324675325,203.168831169,203.415584416,203.974025974,204.584415584,205.285714286,205.545454545,202.116883117,202.753246753,203.311688312,203.337662338,204.25974026,205.064935065,205.506493506,205.0,202.363636364,203.090909091,203.545454545,203.948051948,204.61038961,205.025974026,204.792207792,204.818181818,202.636363636,202.792207792,203.064935065,203.532467532,203.896103896,204.311688312,204.857142857,205.220779221,202.363636364,202.87012987,203.103896104,203.090909091,203.363636364,204.077922078,205.012987013,205.61038961,
189.7,192.842857143,195.057142857,196.742857143,197.871428571,199.642857143,200.442857143,200.314285714,191.485714286,195.257142857,197.285714286,198.214285714,198.828571429,199.914285714,200.028571429,199.742857143,192.542857143,196.414285714,198.2,199.428571429,199.814285714,200.171428571,199.714285714,199.414285714,192.985714286,196.471428571,198.242857143,199.342857143,199.7,199.271428571,199.8,199.528571429,192.628571429,196.928571429,198.414285714,198.928571429,198.442857143,198.571428571,199.2,198.842857143,192.8,196.571428571,197.7,197.214285714,197.457142857,198.342857143,199.257142857,199.085714286,192.428571429,194.957142857,195.8,196.542857143,197.485714286,198.757142857,199.114285714,198.9,192.471428571,193.785714286,195.528571429,197.071428571,198.014285714,198.114285714,198.257142857,198.371428571,
189.84375,191.21875,193.09375,193.625,194.140625,193.53125,192.265625,192.234375,190.40625,191.484375,192.84375,193.109375,193.09375,193.015625,192.84375,192.890625,190.34375,190.96875,192.109375,192.0625,192.296875,192.71875,193.234375,193.53125,189.609375,189.484375,191.171875,191.765625,191.484375,192.671875,194.03125,194.625,188.046875,189.0625,189.578125,190.875,191.9375,192.9375,194.234375,194.53125,187.515625,188.375,188.625,190.3125,192.296875,193.1875,194.53125,194.328125,188.1875,188.375,188.859375,190.765625,192.578125,193.828125,194.140625,192.828125,187.765625,188.90625,190.71875,192.328125,192.4375,193.0625,192.359375,191.046875,
218.571428571,216.714285714,214.571428571,202.428571429,172.0,120.285714286,81.2857142857,81.7142857143,218.714285714,217.714285714,215.0,205.142857143,184.714285714,139.857142857,88.7142857143,79.7142857143,219.571428571,217.857142857,215.142857143,207.285714286,192.428571429,158.142857143,104.428571429,80.0,220.285714286,217.857142857,215.285714286,209.714285714,201.714285714,175.857142857,125.285714286,87.2857142857,220.428571429,218.714285714,216.0,212.142857143,207.571428571,190.857142857,148.857142857,101.857142857,219.571428571,219.0,216.428571429,213.285714286,209.571428571,197.142857143,165.571428571,121.285714286,219.428571429,219.285714286,217.428571429,213.857142857,211.142857143,202.857142857,177.428571429,139.142857143,218.285714286,218.428571429,217.428571429,214.714285714,212.0,205.714285714,185.571428571,152.714285714,
150.222222222,129.222222222,109.666666667,96.3333333333,92.1111111111,91.2222222222,91.5555555556,90.8888888889,180.111111111,158.888888889,134.111111111,109.666666667,96.1111111111,89.5555555556,89.5555555556,89.1111111111,200.222222222,184.666666667,164.444444444,137.0,110.0,93.7777777778,89.1111111111,87.5555555556,204.444444444,200.0,191.777777778,173.111111111,143.444444444,114.222222222,100.444444444,90.2222222222,209.444444444,209.333333333,207.333333333,199.222222222,178.333333333,150.111111111,124.777777778,106.666666667,212.111111111,212.222222222,212.111111111,210.0,201.111111111,183.222222222,154.222222222,131.333333333,211.222222222,211.888888889,212.666666667,213.333333333,211.666666667,201.888888889,181.222222222,152.444444444,210.666666667,211.777777778,212.555555556,213.444444444,212.888888889,207.888888889,198.444444444,175.777777778,
182.565217391,183.5,184.152173913,185.141304348,185.097826087,185.184782609,185.673913043,185.22826087,182.467391304,183.347826087,183.684782609,185.152173913,185.630434783,185.902173913,185.445652174,185.891304348,182.315217391,183.282608696,184.0,184.532608696,185.423913043,185.652173913,186.152173913,185.72826087,182.326086957,183.010869565,183.380434783,184.010869565,185.847826087,186.815217391,185.847826087,185.260869565,181.652173913,182.663043478,183.380434783,184.206521739,185.641304348,186.02173913,185.510869565,184.72826087,181.423913043,181.913043478,183.217391304,183.793478261,184.576086957,184.25,185.054347826,184.717391304,181.47826087,181.923913043,182.489130435,182.804347826,183.565217391,184.380434783,184.260869565,184.206521739,180.782608696,181.967391304,181.923913043,182.543478261,183.293478261,184.152173913,184.141304348,183.163043478,
175.981481481,177.018518519,178.240740741,179.314814815,180.101851852,180.055555556,180.361111111,180.037037037,176.388888889,177.62037037,178.638888889,178.842592593,180.148148148,180.592592593,180.37962963,179.694444444,177.064814815,177.981481481,178.537037037,179.111111111,179.833333333,179.972222222,179.935185185,179.0,177.111111111,177.703703704,178.972222222,179.712962963,179.453703704,179.842592593,179.675925926,179.666666667,176.592592593,177.407407407,178.222222222,179.296296296,179.703703704,179.851851852,180.342592593,179.990740741,176.333333333,176.861111111,177.805555556,178.777777778,179.944444444,180.388888889,180.481481481,180.305555556,176.009259259,177.083333333,178.574074074,178.87037037,179.444444444,180.388888889,180.796296296,180.564814815,176.0,177.231481481,178.481481481,179.37962963,179.907407407,180.481481481,180.518518519,180.055555556,
200.8,201.533333333,202.133333333,197.2,190.4,181.6,172.133333333,155.866666667,203.6,203.533333333,200.2,194.8,191.6,183.0,168.133333333,150.333333333,204.333333333,202.533333333,198.533333333,196.466666667,192.0,182.066666667,164.066666667,151.933333333,203.333333333,201.4,200.266666667,199.0,192.466666667,180.333333333,166.6,155.6,201.8,203.733333333,202.733333333,199.333333333,191.2,178.8,167.933333333,157.933333333,204.333333333,205.533333333,202.0,197.0,190.533333333,180.4,169.466666667,154.933333333,206.666666667,204.533333333,200.066666667,195.0,190.866666667,180.6,165.4,151.6,205.066666667,201.266666667,199.4,197.0,187.6,176.4,167.2,155.066666667,
174.907894737,176.0,176.381578947,175.855263158,175.092105263,174.894736842,175.171052632,173.026315789,174.881578947,175.5,176.144736842,176.342105263,175.460526316,174.434210526,173.592105263,172.539473684,175.315789474,175.210526316,175.210526316,175.171052632,174.368421053,173.276315789,172.671052632,172.868421053,175.263157895,175.171052632,174.118421053,172.776315789,172.842105263,172.776315789,172.592105263,172.657894737,174.407894737,174.789473684,173.368421053,172.092105263,171.960526316,172.526315789,171.697368421,171.171052632,173.302631579,174.039473684,172.842105263,171.434210526,171.5,171.697368421,170.828947368,169.947368421,172.065789474,172.381578947,171.973684211,171.355263158,171.513157895,171.407894737,170.565789474,169.355263158,171.381578947,171.223684211,171.526315789,171.052631579,170.355263158,170.776315789,170.052631579,169.539473684,
138.045454545,149.954545455,167.409090909,185.090909091,197.318181818,202.181818182,204.409090909,206.272727273,138.454545455,147.636363636,166.181818182,187.727272727,198.863636364,202.454545455,205.409090909,205.681818182,139.045454545,146.545454545,165.818181818,188.681818182,199.454545455,202.909090909,205.454545455,206.409090909,140.818181818,149.318181818,166.681818182,188.090909091,199.5,203.136363636,204.909090909,208.363636364,142.136363636,151.090909091,166.045454545,187.636363636,198.954545455,203.363636364,205.727272727,209.045454545,143.090909091,153.5,165.772727273,185.090909091,197.181818182,203.818181818,206.727272727,208.909090909,144.227272727,154.909090909,165.363636364,182.909090909,195.045454545,203.636363636,207.227272727,208.636363636,147.0,157.318181818,167.045454545,180.818181818,192.5,202.545454545,206.727272727,209.181818182,
137.0,131.333333333,130.333333333,134.428571429,143.047619048,152.285714286,164.428571429,173.428571429,135.142857143,133.047619048,135.952380952,145.380952381,155.0,167.333333333,175.333333333,182.380952381,139.047619048,141.714285714,148.904761905,160.238095238,170.571428571,179.238095238,184.428571429,187.523809524,144.333333333,153.80952381,165.857142857,176.142857143,184.476190476,187.19047619,188.952380952,190.142857143,150.142857143,165.476190476,179.380952381,186.142857143,190.047619048,191.714285714,192.047619048,193.142857143,161.380952381,174.285714286,183.666666667,189.285714286,191.571428571,193.619047619,193.80952381,193.0,176.285714286,182.666666667,185.952380952,189.571428571,192.095238095,193.285714286,195.428571429,192.761904762,185.714285714,186.523809524,188.285714286,189.761904762,192.80952381,195.380952381,193.571428571,187.619047619,
126.096774194,131.322580645,137.64516129,147.741935484,162.806451613,175.64516129,183.193548387,189.161290323,129.258064516,134.935483871,140.774193548,151.225806452,165.064516129,178.032258065,187.483870968,190.967741935,129.967741935,135.096774194,141.677419355,151.870967742,163.838709677,176.516129032,186.677419355,191.0,129.774193548,135.451612903,144.35483871,152.161290323,161.516129032,174.129032258,185.64516129,190.483870968,128.290322581,134.096774194,141.64516129,150.838709677,159.161290323,171.548387097,181.451612903,186.35483871,128.806451613,132.483870968,138.709677419,148.548387097,158.322580645,169.935483871,177.258064516,181.419354839,129.225806452,133.096774194,140.451612903,149.612903226,160.387096774,170.741935484,176.096774194,178.612903226,129.903225806,136.838709677,143.838709677,152.709677419,163.741935484,171.774193548,173.64516129,173.387096774,
125.0,128.875,130.5,123.5,119.25,121.625,131.0,150.3125,131.6875,136.5,129.5625,123.375,119.5625,125.5625,141.75,160.6875,136.0,135.9375,127.625,123.4375,124.0625,135.0625,154.9375,165.375,137.875,132.8125,121.625,121.9375,132.3125,148.5625,165.3125,171.4375,137.5625,129.75,123.5625,127.5,140.0,159.0625,171.6875,174.8125,134.25,132.5,130.5625,136.8125,151.9375,167.625,175.3125,182.6875,133.75,134.625,138.75,150.9375,163.6875,172.8125,178.375,185.875,136.25,140.625,148.25,159.75,170.1875,175.5,181.1875,185.0,
158.863013699,161.520547945,164.643835616,166.356164384,168.97260274,171.890410959,173.493150685,175.082191781,159.356164384,161.178082192,163.561643836,166.575342466,169.671232877,172.342465753,173.493150685,174.616438356,159.383561644,161.643835616,164.109589041,167.178082192,170.0,171.835616438,173.287671233,175.068493151,159.575342466,162.356164384,164.863013699,167.602739726,169.657534247,171.643835616,173.863013699,175.808219178,159.98630137,162.698630137,165.04109589,167.219178082,169.97260274,172.424657534,174.821917808,176.657534247,159.98630137,162.273972603,164.479452055,167.561643836,170.534246575,173.301369863,175.410958904,176.205479452,159.602739726,162.301369863,165.356164384,168.082191781,170.863013699,173.232876712,174.712328767,175.849315068,159.315068493,162.479452055,165.753424658,168.301369863,170.561643836,172.315068493,174.657534247,175.369863014,
140.325,141.325,142.675,148.05,155.625,160.625,162.525,161.95,141.1,142.225,146.525,153.25,160.075,162.95,163.425,163.375,141.6,145.25,150.325,157.275,161.275,163.3,163.75,164.95,143.425,148.25,154.775,159.275,161.9,164.575,165.2,166.275,145.7,151.775,157.1,160.275,163.025,165.5,165.75,166.775,147.975,152.875,157.775,161.35,163.35,165.45,166.1,167.1,148.9,154.025,157.525,161.0,164.325,165.025,166.125,166.8,150.325,154.3,158.425,161.875,164.5,165.0,165.75,167.125,
166.280821918,166.910958904,167.04109589,166.554794521,166.294520548,165.965753425,165.054794521,164.773972603,166.315068493,166.664383562,166.630136986,166.438356164,166.191780822,165.48630137,164.821917808,165.130136986,166.034246575,166.657534247,166.876712329,166.890410959,165.801369863,165.095890411,164.828767123,165.198630137,166.404109589,166.767123288,166.595890411,165.931506849,166.020547945,165.369863014,164.808219178,164.815068493,166.678082192,166.678082192,166.45890411,166.020547945,166.02739726,165.232876712,165.082191781,165.034246575,166.273972603,166.410958904,165.945205479,165.623287671,165.150684932,164.910958904,164.808219178,165.136986301,165.561643836,166.082191781,165.808219178,165.739726027,165.130136986,164.575342466,164.95890411,165.184931507,165.123287671,165.321917808,165.664383562,165.369863014,165.130136986,164.945205479,164.910958904,164.445205479,
170.12195122,167.268292683,165.243902439,161.56097561,156.682926829,152.0,146.634146341,141.512195122,170.073170732,168.097560976,166.609756098,162.219512195,156.585365854,152.243902439,147.170731707,142.243902439,172.317073171,170.512195122,167.487804878,163.463414634,157.536585366,153.902439024,147.804878049,143.341463415,175.682926829,173.073170732,169.512195122,164.390243902,159.512195122,154.512195122,148.975609756,143.243902439,177.219512195,174.804878049,170.780487805,165.487804878,161.87804878,156.097560976,148.951219512,143.268292683,176.585365854,175.268292683,171.414634146,166.317073171,162.365853659,156.341463415,148.219512195,142.073170732,176.853658537,176.317073171,172.097560976,167.609756098,162.024390244,155.804878049,148.902439024,141.658536585,177.170731707,174.658536585,171.170731707,167.390243902,162.414634146,155.756097561,149.243902439,142.073170732,
160.87654321,161.135802469,161.104938272,160.987654321,161.345679012,161.450617284,161.141975309,160.987654321,160.944444444,160.969135802,161.197530864,161.049382716,161.549382716,161.308641975,161.351851852,160.950617284,160.814814815,160.962962963,161.074074074,161.080246914,161.185185185,161.358024691,161.234567901,161.12345679,161.061728395,161.030864198,161.135802469,160.956790123,161.092592593,161.0,161.320987654,161.0,161.030864198,161.191358025,161.074074074,160.851851852,160.740740741,160.901234568,161.037037037,160.777777778,161.080246914,161.148148148,161.067901235,160.858024691,160.740740741,160.74691358,160.759259259,160.425925926,161.074074074,160.950617284,161.117283951,160.87654321,161.030864198,160.74691358,160.462962963,160.25308642,160.475308642,160.814814815,160.888888889,160.932098765,160.938271605,160.401234568,160.641975309,159.685185185,
155.880681818,156.215909091,156.4375,156.375,156.880681818,157.181818182,157.113636364,156.971590909,156.096590909,156.25,156.471590909,156.539772727,156.545454545,156.676136364,156.693181818,156.880681818,155.852272727,156.170454545,156.414772727,156.386363636,156.017045455,156.380681818,156.721590909,156.585227273,156.227272727,156.465909091,156.005681818,156.096590909,155.869318182,156.267045455,156.471590909,156.761363636,156.079545455,156.363636364,156.198863636,156.119318182,156.102272727,156.181818182,156.051136364,156.255681818,155.323863636,155.767045455,155.920454545,155.727272727,155.880681818,155.8125,156.198863636,156.295454545,154.221590909,154.420454545,155.301136364,155.647727273,155.653409091,155.920454545,156.022727273,156.244318182,153.636363636,154.125,154.784090909,155.522727273,155.869318182,155.801136364,155.642045455,155.761363636,
150.608695652,151.391304348,151.913043478,152.254658385,152.416149068,151.621118012,152.192546584,152.354037267,150.925465839,151.602484472,151.919254658,152.062111801,151.832298137,151.329192547,151.788819876,151.881987578,151.198757764,151.447204969,151.801242236,151.745341615,151.739130435,151.155279503,151.211180124,151.577639752,151.236024845,151.322981366,151.751552795,151.677018634,151.409937888,151.329192547,151.341614907,151.229813665,151.267080745,151.51552795,151.577639752,151.583850932,151.590062112,151.434782609,151.51552795,151.664596273,151.267080745,151.428571429,151.645962733,151.47826087,151.118012422,151.689440994,151.863354037,151.534161491,151.031055901,151.204968944,151.254658385,151.354037267,151.397515528,151.540372671,151.838509317,151.354037267,151.223602484,151.02484472,151.217391304,151.074534161,151.968944099,151.52173913,151.397515528,151.00621118,
143.824074074,144.444444444,145.5,146.527777778,147.657407407,148.583333333,147.462962963,147.37962963,143.527777778,144.694444444,146.574074074,147.416666667,147.490740741,147.324074074,147.055555556,146.944444444,143.953703704,146.453703704,147.962962963,147.87037037,147.87962963,147.824074074,147.75,147.944444444,145.175925926,147.425925926,147.768518519,147.694444444,147.555555556,147.611111111,147.814814815,147.462962963,146.601851852,147.462962963,147.740740741,147.787037037,147.472222222,147.268518519,147.314814815,147.287037037,146.305555556,147.268518519,148.694444444,149.092592593,147.787037037,147.666666667,146.972222222,147.62962963,146.175925926,147.722222222,148.564814815,148.62962963,148.12962963,147.675925926,147.398148148,147.37962963,146.138888889,147.638888889,148.574074074,148.453703704,148.305555556,148.37037037,147.425925926,147.685185185,
141.625698324,142.139664804,142.553072626,142.117318436,142.229050279,142.039106145,142.491620112,143.083798883,142.379888268,142.340782123,142.100558659,142.251396648,142.262569832,142.396648045,142.787709497,142.916201117,142.301675978,142.452513966,142.022346369,142.284916201,142.541899441,142.463687151,142.636871508,142.670391061,142.111731844,142.251396648,142.145251397,142.083798883,142.17877095,142.586592179,142.413407821,142.972067039,141.837988827,142.284916201,141.94972067,141.921787709,142.625698324,142.357541899,142.240223464,143.189944134,141.882681564,142.156424581,141.720670391,141.715083799,142.480446927,142.430167598,142.653631285,142.988826816,141.770949721,141.82122905,141.927374302,141.592178771,142.17877095,141.966480447,143.139664804,143.452513966,141.837988827,141.87150838,141.301675978,141.810055866,142.201117318,142.854748603,143.391061453,144.480446927,
135.802631579,137.065789474,137.822368421,137.677631579,137.651315789,137.697368421,137.388157895,137.105263158,135.822368421,136.888157895,137.967105263,138.184210526,138.217105263,138.203947368,138.019736842,137.802631579,136.328947368,136.927631579,137.868421053,138.388157895,138.927631579,138.585526316,139.131578947,138.855263158,136.513157895,137.131578947,137.980263158,138.559210526,139.414473684,139.782894737,139.138157895,138.730263158,136.934210526,137.532894737,138.151315789,138.671052632,139.447368421,139.598684211,139.019736842,137.743421053,136.75,137.269736842,138.460526316,138.736842105,139.085526316,139.585526316,139.276315789,137.605263158,136.947368421,137.802631579,138.585526316,138.664473684,139.006578947,139.611842105,138.677631579,136.934210526,137.236842105,137.5,138.5,139.065789474,139.407894737,139.006578947,137.914473684,136.473684211,
162.62962963,166.666666667,166.37037037,164.296296296,163.962962963,164.111111111,160.814814815,157.62962963,160.481481481,166.259259259,164.925925926,163.666666667,162.259259259,160.62962963,159.333333333,155.666666667,155.740740741,160.333333333,161.777777778,160.851851852,157.888888889,155.259259259,153.185185185,148.148148148,149.703703704,152.185185185,153.888888889,152.444444444,149.333333333,144.814814815,142.592592593,139.592592593,141.481481481,138.777777778,141.777777778,140.851851852,137.111111111,133.814814815,132.555555556,132.555555556,131.666666667,124.888888889,126.333333333,126.0,123.888888889,121.333333333,121.185185185,122.888888889,121.925925926,117.518518519,116.037037037,118.222222222,117.148148148,115.0,115.259259259,116.037037037,120.111111111,117.777777778,115.518518519,115.888888889,116.777777778,112.481481481,111.925925926,115.814814815,
154.0,154.357142857,156.071428571,153.785714286,153.642857143,148.714285714,136.571428571,123.357142857,151.928571429,152.428571429,153.5,154.785714286,156.571428571,148.928571429,132.285714286,114.642857143,152.428571429,152.0,151.642857143,151.785714286,154.142857143,141.285714286,121.071428571,106.857142857,157.0,154.857142857,153.142857143,150.857142857,142.857142857,127.642857143,110.714285714,97.7857142857,162.142857143,160.857142857,154.214285714,143.642857143,125.357142857,105.5,91.7857142857,87.5,170.285714286,161.928571429,150.5,131.642857143,109.642857143,86.5,77.6428571429,80.6428571429,169.642857143,153.428571429,134.428571429,115.142857143,93.0,76.7857142857,70.6428571429,75.4285714286,162.214285714,139.5,116.285714286,95.7857142857,84.8571428571,73.9285714286,71.3571428571,71.7142857143,
131.437037037,132.933333333,132.918518519,133.37037037,133.666666667,134.607407407,134.644444444,134.251851852,132.362962963,132.933333333,132.696296296,133.666666667,134.422222222,134.859259259,134.6,133.792592593,132.525925926,132.562962963,132.807407407,133.614814815,133.77037037,133.814814815,133.555555556,133.2,132.377777778,132.385185185,132.82962963,132.674074074,132.333333333,131.933333333,132.57037037,132.911111111,132.02962963,132.577777778,132.555555556,131.881481481,131.459259259,131.77037037,132.333333333,132.651851852,131.874074074,131.814814815,131.622222222,131.281481481,131.222222222,131.97037037,132.2,132.711111111,131.096296296,131.162962963,130.948148148,130.844444444,131.185185185,131.896296296,132.592592593,131.666666667,130.940740741,131.02962963,130.244444444,130.518518519,131.585185185,132.614814815,131.896296296,130.792592593,
124.470588235,124.205882353,125.941176471,126.323529412,126.5,127.117647059,126.5,125.852941176,124.931372549,124.931372549,126.235294118,127.37254902,126.715686275,126.784313725,125.607843137,125.137254902,124.862745098,125.235294118,126.705882353,126.31372549,126.205882353,126.196078431,124.725490196,124.754901961,125.039215686,125.578431373,126.411764706,126.196078431,126.176470588,125.558823529,124.352941176,123.852941176,124.225490196,125.215686275,126.333333333,126.156862745,126.225490196,125.225490196,124.392156863,123.803921569,123.931372549,125.12745098,126.666666667,126.441176471,126.049019608,125.666666667,124.480392157,123.911764706,123.460784314,125.176470588,126.666666667,126.490196078,126.049019608,125.205882353,124.323529412,123.725490196,122.460784314,124.823529412,127.529411765,126.392156863,125.117647059,124.980392157,124.343137255,123.715686275,
118.80952381,121.261904762,122.285714286,124.619047619,126.619047619,125.785714286,126.404761905,126.952380952,120.380952381,120.666666667,120.666666667,122.30952381,124.404761905,125.238095238,126.404761905,128.571428571,119.69047619,119.380952381,120.19047619,119.880952381,121.428571429,125.238095238,127.761904762,130.976190476,116.214285714,118.333333333,120.666666667,120.714285714,122.071428571,125.69047619,128.880952381,136.166666667,114.357142857,118.666666667,120.261904762,121.380952381,122.928571429,127.80952381,133.666666667,142.619047619,115.904761905,117.904761905,119.880952381,121.619047619,123.833333333,130.595238095,139.357142857,148.214285714,116.880952381,118.357142857,120.047619048,123.571428571,127.571428571,134.952380952,144.285714286,151.380952381,117.928571429,118.952380952,121.857142857,125.595238095,131.0,136.928571429,146.142857143,150.952380952,
97.0,104.842105263,117.736842105,124.447368421,127.368421053,132.236842105,131.394736842,129.710526316,94.2105263158,103.578947368,115.973684211,124.710526316,129.263157895,134.342105263,133.447368421,132.0,90.2105263158,101.631578947,112.789473684,121.736842105,126.394736842,132.973684211,137.236842105,136.526315789,90.2105263158,97.5526315789,108.947368421,116.342105263,123.157894737,129.736842105,138.447368421,137.552631579,89.6052631579,96.8421052632,104.157894737,109.578947368,118.552631579,124.657894737,134.368421053,134.815789474,89.3157894737,94.9736842105,102.026315789,103.763157895,114.026315789,123.526315789,128.131578947,129.210526316,90.1052631579,96.2105263158,100.0,103.394736842,109.710526316,120.631578947,123.552631579,124.236842105,92.7368421053,94.8684210526,97.6315789474,102.763157895,110.105263158,117.289473684,121.842105263,122.289473684,
89.2195121951,101.951219512,116.146341463,131.024390244,144.268292683,149.707317073,152.658536585,155.024390244,89.0975609756,103.682926829,122.707317073,137.951219512,147.682926829,151.682926829,152.341463415,154.658536585,91.6585365854,109.390243902,128.902439024,141.56097561,149.073170732,150.756097561,151.073170732,154.341463415,96.5365853659,116.097560976,133.12195122,142.634146341,148.804878049,150.219512195,151.756097561,154.536585366,103.975609756,120.0,134.463414634,142.365853659,147.048780488,149.487804878,152.195121951,155.829268293,110.390243902,122.87804878,134.317073171,140.463414634,145.731707317,149.292682927,153.341463415,156.585365854,114.536585366,124.048780488,133.707317073,139.463414634,145.317073171,149.292682927,154.048780488,156.609756098,117.024390244,124.56097561,133.243902439,140.536585366,146.414634146,151.87804878,155.073170732,156.634146341,
100.4,102.233333333,113.1,128.166666667,137.766666667,146.033333333,155.933333333,163.966666667,98.3666666667,102.633333333,112.7,127.066666667,136.1,145.033333333,155.4,164.0,97.9666666667,102.333333333,110.8,124.5,136.033333333,141.833333333,153.633333333,163.5,98.3333333333,103.5,109.066666667,121.733333333,133.1,138.933333333,150.1,161.666666667,99.0333333333,105.033333333,108.733333333,119.666666667,131.533333333,136.4,145.466666667,157.066666667,100.833333333,105.6,108.9,118.366666667,131.566666667,135.733333333,142.866666667,154.333333333,101.3,105.633333333,108.366666667,116.466666667,130.233333333,136.7,142.7,153.2,101.4,105.933333333,109.066666667,117.5,130.466666667,138.066666667,143.9,152.966666667,
69.3333333333,65.5555555556,62.3333333333,73.5555555556,88.7777777778,102.777777778,115.111111111,122.111111111,65.0,63.6666666667,68.7777777778,76.2222222222,100.444444444,116.111111111,130.333333333,143.444444444,64.3333333333,66.5555555556,77.1111111111,87.7777777778,109.555555556,135.666666667,150.111111111,160.222222222,68.8888888889,77.0,89.5555555556,104.444444444,130.444444444,154.111111111,162.111111111,166.555555556,78.8888888889,92.6666666667,111.444444444,131.444444444,153.111111111,164.0,167.888888889,165.333333333,99.8888888889,120.111111111,140.666666667,154.666666667,166.888888889,169.333333333,166.111111111,158.777777778,126.222222222,146.444444444,161.222222222,169.111111111,173.777777778,172.333333333,159.555555556,150.444444444,148.666666667,158.888888889,167.777777778,170.333333333,170.111111111,163.111111111,154.666666667,151.222222222,
55.4090909091,58.5454545455,70.6363636364,91.2272727273,115.136363636,131.772727273,143.409090909,143.681818182,57.4545454545,60.6363636364,72.5909090909,97.8636363636,122.409090909,137.727272727,146.727272727,147.318181818,57.0,62.3636363636,76.3636363636,105.409090909,128.090909091,140.318181818,146.454545455,147.227272727,59.6363636364,65.6363636364,84.0454545455,114.272727273,134.454545455,142.863636364,147.227272727,147.454545455,64.5,71.7727272727,92.2727272727,121.636363636,138.454545455,144.5,146.863636364,146.818181818,68.4545454545,78.5909090909,100.954545455,127.5,139.954545455,144.136363636,146.272727273,147.318181818,70.4090909091,84.4545454545,104.545454545,127.272727273,137.0,143.636363636,146.318181818,147.727272727,76.5909090909,90.6818181818,110.863636364,124.909090909,134.954545455,142.363636364,146.0,149.818181818,
117.306569343,116.729927007,116.087591241,115.700729927,116.430656934,116.817518248,117.04379562,116.861313869,117.664233577,116.99270073,116.299270073,115.905109489,116.335766423,116.423357664,116.846715328,116.510948905,117.518248175,117.401459854,116.204379562,115.99270073,116.547445255,116.897810219,117.240875912,116.240875912,117.671532847,117.802919708,116.379562044,116.656934307,117.145985401,117.605839416,117.649635036,117.226277372,117.97080292,117.868613139,117.131386861,117.01459854,116.890510949,117.890510949,117.95620438,118.02919708,118.715328467,118.664233577,117.832116788,116.96350365,116.627737226,118.270072993,118.948905109,119.058394161,119.802919708,119.065693431,118.00729927,117.620437956,117.233576642,118.459854015,118.467153285,118.788321168,120.131386861,119.386861314,118.605839416,117.861313869,117.569343066,118.605839416,117.708029197,118.321167883,
112.901234568,113.179012346,113.407407407,111.864197531,111.722222222,111.358024691,112.104938272,111.87037037,112.135802469,112.672839506,113.24691358,111.956790123,111.654320988,111.135802469,111.450617284,111.722222222,111.740740741,111.925925926,112.469135802,112.75308642,112.456790123,111.574074074,111.185185185,111.592592593,111.061728395,111.808641975,112.456790123,112.62345679,112.62345679,111.796296296,110.790123457,111.530864198,111.358024691,112.543209877,112.512345679,112.098765432,112.808641975,111.388888889,110.790123457,110.932098765,111.956790123,112.462962963,112.512345679,112.098765432,112.25308642,111.185185185,110.462962963,109.950617284,112.358024691,112.765432099,112.697530864,112.703703704,111.703703704,110.209876543,110.067901235,109.919753086,112.234567901,112.814814815,112.839506173,112.382716049,111.092592593,110.197530864,110.074074074,110.419753086,
89.9230769231,81.8076923077,78.8846153846,79.0,83.3076923077,93.3846153846,98.6923076923,103.730769231,86.5384615385,81.8846153846,80.5,83.8076923077,87.2692307692,93.8076923077,98.3846153846,104.807692308,87.0,87.0384615385,87.3461538462,91.1538461538,92.1538461538,94.9615384615,100.923076923,108.653846154,89.3076923077,93.0769230769,96.9230769231,99.0,98.6923076923,99.7692307692,105.576923077,114.346153846,89.4615384615,98.0769230769,106.846153846,105.461538462,105.461538462,108.346153846,113.807692308,121.846153846,92.8846153846,100.615384615,107.384615385,110.307692308,112.269230769,118.346153846,125.769230769,130.423076923,95.5769230769,102.461538462,107.384615385,112.961538462,119.192307692,126.923076923,132.615384615,134.0,98.5769230769,104.692307692,109.884615385,117.307692308,123.730769231,129.692307692,133.384615385,132.076923077,
102.330188679,102.528301887,102.603773585,102.79245283,103.698113208,104.924528302,105.254716981,105.858490566,101.971698113,101.613207547,102.339622642,103.028301887,104.377358491,104.754716981,105.066037736,107.094339623,101.754716981,101.811320755,102.066037736,103.735849057,105.018867925,104.735849057,105.311320755,106.075471698,101.481132075,102.943396226,102.075471698,103.405660377,104.981132075,106.094339623,105.820754717,105.216981132,101.169811321,101.924528302,102.103773585,102.169811321,104.867924528,106.481132075,104.877358491,104.264150943,101.905660377,101.679245283,101.528301887,102.528301887,104.037735849,105.481132075,104.632075472,104.490566038,101.367924528,101.613207547,101.273584906,103.122641509,104.283018868,105.320754717,106.132075472,105.160377358,101.283018868,100.952830189,101.179245283,102.556603774,104.028301887,105.349056604,106.132075472,104.764150943,
187.833333333,189.083333333,191.75,194.166666667,194.333333333,191.833333333,184.333333333,176.416666667,192.833333333,192.416666667,196.083333333,198.333333333,197.5,192.583333333,180.75,169.833333333,195.416666667,196.833333333,199.25,200.166666667,197.833333333,188.916666667,178.333333333,158.0,197.166666667,200.166666667,202.416666667,203.666666667,197.666666667,186.583333333,171.583333333,135.166666667,200.833333333,202.0,203.0,202.333333333,194.333333333,181.5,146.916666667,107.0,204.25,204.166666667,204.833333333,200.666666667,189.416666667,160.333333333,121.666666667,98.25,205.833333333,207.0,206.666666667,195.166666667,166.666666667,127.833333333,99.5833333333,95.0833333333,207.666666667,207.166666667,201.833333333,175.333333333,137.25,105.416666667,93.1666666667,95.5833333333,
188.066666667,191.6,191.4,192.066666667,196.333333333,197.0,190.6,179.466666667,186.933333333,189.6,190.133333333,195.8,199.466666667,196.666666667,185.533333333,166.933333333,187.866666667,189.8,193.6,196.133333333,195.866666667,188.333333333,164.733333333,136.866666667,188.866666667,191.533333333,191.333333333,189.333333333,185.666666667,164.066666667,133.133333333,106.8,187.266666667,189.933333333,183.2,179.4,163.733333333,131.4,104.8,90.1333333333,185.666666667,178.733333333,168.4,159.866666667,132.533333333,101.066666667,88.6,83.1333333333,172.933333333,162.0,151.933333333,135.066666667,103.6,86.7333333333,81.6666666667,78.4666666667,158.6,151.466666667,137.466666667,106.6,84.4,80.2,76.2666666667,77.3333333333,
174.441176471,172.852941176,167.970588235,159.058823529,148.941176471,139.823529412,127.411764706,114.911764706,176.823529412,173.941176471,167.029411765,158.176470588,147.882352941,139.411764706,126.529411765,114.676470588,179.323529412,175.382352941,167.117647059,156.323529412,148.147058824,138.529411765,125.647058824,113.529411765,181.911764706,176.558823529,167.441176471,156.705882353,146.823529412,138.058823529,124.0,111.794117647,184.0,177.882352941,169.5,158.588235294,147.5,137.794117647,125.058823529,112.088235294,183.970588235,179.205882353,170.205882353,159.323529412,148.029411765,137.470588235,127.176470588,114.205882353,183.558823529,179.205882353,170.676470588,161.264705882,149.0,139.735294118,129.411764706,115.264705882,182.735294118,178.911764706,171.735294118,162.5,151.294117647,141.676470588,130.382352941,115.647058824,
155.5,151.648148148,149.37037037,143.62962963,134.203703704,123.37037037,117.518518519,112.851851852,157.333333333,152.37037037,149.333333333,142.759259259,132.944444444,123.62962963,118.148148148,111.462962963,159.62962963,153.814814815,149.240740741,142.814814815,134.148148148,125.092592593,117.092592593,109.907407407,160.444444444,155.407407407,149.37037037,143.037037037,134.740740741,126.185185185,117.407407407,110.203703704,159.666666667,154.388888889,147.722222222,143.703703704,135.407407407,126.240740741,118.944444444,111.074074074,157.796296296,152.444444444,146.740740741,143.12962963,134.87037037,126.351851852,120.537037037,112.166666667,155.296296296,151.944444444,146.611111111,142.5,135.592592593,127.166666667,121.018518519,113.666666667,154.907407407,150.925925926,145.648148148,140.5,135.555555556,127.203703704,120.092592593,114.240740741,
174.833333333,145.75,123.583333333,97.5,83.6666666667,80.4166666667,82.75,84.3333333333,190.083333333,163.0,130.0,104.166666667,86.8333333333,80.0,84.0,83.9166666667,198.75,180.166666667,143.916666667,112.333333333,91.0,81.8333333333,83.6666666667,84.75,201.0,192.333333333,158.583333333,119.25,90.5,80.8333333333,82.5833333333,83.8333333333,201.416666667,197.833333333,172.25,132.75,99.25,82.0,82.3333333333,83.1666666667,201.5,202.416666667,186.0,151.833333333,110.5,82.75,83.0,87.5,200.833333333,206.166666667,196.916666667,169.5,129.25,88.75,85.1666666667,89.9166666667,201.666666667,205.75,200.5,182.916666667,149.666666667,104.333333333,89.1666666667,88.6666666667,
155.5,145.136363636,128.772727273,102.272727273,80.2727272727,69.7727272727,66.5909090909,63.8181818182,157.954545455,147.454545455,130.5,103.727272727,78.5,71.1818181818,64.0909090909,62.6363636364,160.545454545,150.090909091,132.590909091,105.5,76.2727272727,70.1363636364,62.9090909091,62.5,162.409090909,152.681818182,134.954545455,105.090909091,77.5454545455,71.0,64.9545454545,61.4545454545,162.818181818,156.318181818,138.772727273,104.0,78.0,72.0909090909,67.2727272727,62.5909090909,163.318181818,157.681818182,141.5,104.045454545,77.0454545455,71.2727272727,69.8181818182,62.8636363636,161.954545455,159.136363636,140.818181818,107.318181818,77.0454545455,72.3181818182,71.7272727273,64.4090909091,163.045454545,157.454545455,138.227272727,107.863636364,80.5,74.4545454545,71.6363636364,66.9545454545,
186.888888889,189.888888889,191.111111111,185.666666667,163.0,113.0,71.2222222222,56.3333333333,188.888888889,192.555555556,192.888888889,172.0,121.111111111,69.7777777778,55.5555555556,54.2222222222,192.0,195.111111111,184.222222222,133.666666667,77.6666666667,53.5555555556,51.1111111111,52.5555555556,194.0,188.666666667,150.777777778,88.8888888889,56.0,53.3333333333,53.3333333333,53.0,189.444444444,165.111111111,105.666666667,64.5555555556,52.8888888889,54.0,53.4444444444,54.8888888889,170.444444444,127.222222222,75.1111111111,54.7777777778,59.0,54.5555555556,56.5555555556,55.8888888889,141.222222222,89.7777777778,57.8888888889,53.0,54.5555555556,54.5555555556,56.8888888889,57.2222222222,106.111111111,68.6666666667,54.3333333333,54.8888888889,55.6666666667,55.2222222222,54.5555555556,59.3333333333,
158.448275862,154.793103448,135.034482759,111.448275862,90.5517241379,83.0689655172,77.5862068966,72.275862069,159.413793103,145.896551724,119.482758621,93.8965517241,76.8620689655,69.8965517241,69.0344827586,66.4482758621,150.793103448,132.344827586,104.75862069,80.0,65.1724137931,63.6896551724,63.5862068966,63.6896551724,137.448275862,116.965517241,89.9310344828,70.8275862069,60.2413793103,58.2413793103,61.0344827586,62.1379310345,123.310344828,102.275862069,81.7931034483,64.1034482759,57.724137931,59.2068965517,61.2068965517,62.9310344828,110.862068966,89.7586206897,72.3793103448,61.5517241379,57.6896551724,60.5172413793,63.1724137931,65.7586206897,100.137931034,81.5517241379,68.9655172414,60.4827586207,58.4482758621,64.6206896552,68.2413793103,68.3793103448,90.3103448276,75.0689655172,65.8620689655,61.0,61.1724137931,66.6206896552,69.5517241379,72.0689655172,
152.272727273,153.136363636,151.363636364,143.954545455,135.863636364,124.590909091,113.818181818,102.454545455,152.363636364,151.272727273,146.909090909,136.136363636,127.681818182,118.227272727,107.090909091,94.7727272727,153.5,147.363636364,139.590909091,127.636363636,118.818181818,109.454545455,97.5909090909,85.0454545455,149.818181818,140.636363636,131.727272727,119.454545455,108.636363636,95.5454545455,83.3636363636,74.7727272727,142.681818182,133.363636364,121.5,108.090909091,94.5454545455,85.5909090909,76.5,72.5909090909,134.545454545,121.772727273,108.045454545,95.8636363636,83.5,78.7272727273,74.7272727273,71.5454545455,124.454545455,113.227272727,100.409090909,86.8636363636,79.5,76.1818181818,75.5909090909,74.1818181818,112.909090909,105.863636364,93.1363636364,81.5,76.6818181818,74.6363636364,74.4090909091,74.1363636364,
104.88,102.76,99.72,101.4,104.48,102.52,94.72,88.48,104.92,104.68,102.56,108.92,111.28,106.88,93.44,82.4,101.44,102.8,113.2,121.16,122.72,107.96,87.6,72.92,97.92,102.96,119.08,132.08,126.8,103.44,81.64,69.0,97.32,104.6,117.4,128.12,119.08,92.44,75.68,68.64,97.12,104.36,110.64,114.56,101.12,83.88,70.24,64.24,96.32,100.16,104.36,101.2,86.96,78.4,70.52,63.2,98.24,98.76,98.44,93.4,79.48,74.84,71.08,65.64,
108.586206897,101.333333333,95.4942528736,91.1379310345,89.6091954023,91.1494252874,92.5747126437,95.8620689655,107.770114943,101.103448276,94.7816091954,90.8275862069,88.8275862069,90.275862069,91.0229885057,94.2068965517,107.264367816,100.91954023,94.5057471264,90.8505747126,89.7471264368,90.908045977,91.2413793103,93.4137931034,107.770114943,100.91954023,94.3793103448,90.6781609195,90.0,91.5172413793,91.7931034483,93.8045977011,108.701149425,101.402298851,94.7586206897,90.9425287356,89.6206896552,91.4827586207,92.2068965517,94.1724137931,109.08045977,101.701149425,94.9885057471,90.4597701149,88.9885057471,90.6436781609,93.1609195402,94.7586206897,107.965517241,100.333333333,94.0344827586,90.2528735632,88.9655172414,90.8045977011,91.2873563218,93.8620689655,105.781609195,99.1034482759,93.6781609195,90.9655172414,89.2413793103,91.1034482759,92.0229885057,94.4367816092,
87.4285714286,87.9857142857,87.9714285714,85.5142857143,81.1285714286,79.7142857143,79.8571428571,80.7142857143,85.4714285714,86.9571428571,87.4571428571,86.4285714286,82.7571428571,81.1285714286,80.2285714286,81.3142857143,84.4571428571,85.7571428571,87.1428571429,87.7428571429,85.6428571429,83.0714285714,81.8285714286,82.9142857143,84.7142857143,85.4285714286,87.4285714286,88.1857142857,88.4857142857,87.3714285714,85.0285714286,85.7571428571,85.2428571429,86.2142857143,86.7428571429,86.8571428571,89.2857142857,90.9857142857,90.0857142857,88.6714285714,85.7,85.4857142857,84.9714285714,85.0,89.1857142857,93.1428571429,92.6571428571,91.3285714286,86.3857142857,86.0428571429,83.7285714286,83.6142857143,88.0571428571,92.2,93.6857142857,93.3,87.8714285714,87.2285714286,84.4285714286,86.0571428571,88.1857142857,90.7142857143,91.2142857143,91.6428571429,
61.6666666667,63.5416666667,63.7083333333,71.375,84.2916666667,105.291666667,125.958333333,146.333333333,60.6666666667,62.4583333333,62.7083333333,69.9583333333,83.875,110.041666667,134.208333333,151.583333333,60.0416666667,62.25,64.625,69.375,85.8333333333,113.125,139.291666667,153.625,61.0416666667,60.875,65.5416666667,71.0833333333,88.6666666667,118.083333333,145.75,155.541666667,61.6666666667,60.8333333333,65.375,73.9166666667,92.9583333333,124.333333333,147.708333333,154.708333333,63.0,61.3333333333,67.8333333333,77.5,100.375,130.75,147.958333333,156.083333333,65.375,65.5833333333,75.7083333333,88.9166666667,107.125,132.458333333,149.291666667,156.916666667,69.0,72.0,85.375,99.4583333333,112.416666667,133.5,149.208333333,157.291666667,
63.0,63.6956521739,62.2608695652,61.2608695652,64.4782608696,70.2608695652,86.4782608696,110.086956522,60.652173913,63.6956521739,62.0869565217,60.1304347826,64.5217391304,70.7826086957,87.9130434783,114.826086957,59.6956521739,61.0,62.4782608696,60.9565217391,66.8260869565,70.3913043478,91.7826086957,122.434782609,59.4782608696,60.7391304348,62.2173913043,61.347826087,68.347826087,74.1739130435,98.9130434783,130.086956522,59.2173913043,59.9130434783,63.9130434783,61.4347826087,69.3043478261,79.8260869565,107.608695652,140.0,60.4347826087,60.347826087,62.347826087,64.9130434783,75.1739130435,89.2173913043,119.913043478,148.130434783,62.0869565217,63.1739130435,64.347826087,68.3043478261,85.1739130435,102.173913043,127.565217391,149.782608696,65.4347826087,66.6086956522,69.1739130435,78.0,95.2608695652,113.608695652,131.869565217,147.086956522,
93.3888888889,100.833333333,107.722222222,111.611111111,116.333333333,117.888888889,117.083333333,115.833333333,83.9722222222,90.8611111111,101.972222222,107.805555556,112.472222222,117.194444444,118.972222222,117.333333333,76.9722222222,84.0833333333,92.1111111111,99.2222222222,104.5,115.638888889,120.638888889,119.75,73.4166666667,76.75,82.3888888889,86.5833333333,95.3611111111,108.472222222,116.916666667,118.138888889,72.7777777778,70.3055555556,74.8055555556,78.1111111111,84.8055555556,98.5,108.888888889,113.583333333,72.9166666667,66.7222222222,67.7777777778,72.7777777778,78.0833333333,86.8333333333,100.222222222,107.75,74.5277777778,65.9166666667,64.3333333333,68.75,75.3333333333,79.2222222222,90.9166666667,105.611111111,77.4166666667,69.5,66.0555555556,67.1388888889,72.1111111111,77.5277777778,87.1666666667,100.722222222,
70.641025641,69.2051282051,70.8717948718,79.3333333333,83.8974358974,89.1794871795,93.6666666667,94.4871794872,70.5641025641,70.1025641026,69.8205128205,78.7692307692,85.1538461538,94.5384615385,98.4615384615,97.641025641,67.0512820513,67.3846153846,69.9743589744,77.0512820513,86.5641025641,97.7179487179,101.051282051,99.0,66.3076923077,67.3333333333,72.9487179487,79.7435897436,87.5384615385,101.564102564,103.333333333,99.7692307692,67.2820512821,69.4102564103,76.3076923077,85.5641025641,91.6923076923,103.743589744,104.692307692,100.897435897,67.2820512821,70.9230769231,78.5897435897,90.9743589744,97.9230769231,105.512820513,108.076923077,105.102564103,68.2051282051,71.4358974359,79.9487179487,92.3333333333,101.256410256,106.153846154,107.538461538,108.102564103,70.7692307692,73.4102564103,79.2820512821,91.8461538462,99.6666666667,104.025641026,104.948717949,106.58974359,
102.583333333,99.5833333333,88.6666666667,76.125,70.125,67.6666666667,67.125,67.125,103.541666667,102.125,92.625,81.75,71.125,69.2083333333,66.7083333333,66.25,105.0,104.791666667,95.7916666667,84.5,73.875,70.2916666667,68.0,68.2916666667,108.208333333,108.208333333,99.5833333333,87.5833333333,76.4583333333,73.2083333333,70.6666666667,69.4166666667,113.916666667,114.916666667,104.208333333,90.2083333333,80.8333333333,76.9166666667,73.5416666667,73.375,121.083333333,120.5,113.75,98.2083333333,84.7916666667,77.5,72.1666666667,74.0416666667,124.416666667,124.25,118.625,106.041666667,92.2916666667,84.4583333333,75.875,75.4583333333,122.291666667,123.083333333,121.625,114.833333333,101.833333333,93.0833333333,84.875,81.0416666667,
90.32,77.44,66.32,59.64,59.16,61.6,68.8,71.72,96.8,78.8,65.44,59.6,58.08,58.84,65.4,69.16,107.16,85.32,67.92,61.84,57.24,58.6,64.44,69.96,114.96,92.56,71.28,63.84,61.16,62.04,63.92,70.28,120.04,102.44,80.84,65.68,63.52,62.52,63.36,70.8,124.52,114.2,93.12,72.32,63.92,61.36,64.56,69.84,125.92,122.76,105.68,80.32,68.84,63.24,64.12,68.72,128.4,123.8,112.56,89.56,75.96,66.64,66.24,70.4,
97.6875,96.4375,98.78125,102.84375,97.84375,90.9375,80.3125,74.125,94.96875,96.25,100.1875,98.3125,87.75,78.25,70.25,67.875,96.5,95.09375,91.78125,87.1875,75.5625,69.375,66.90625,65.0625,92.5625,89.28125,84.34375,77.0,69.65625,65.53125,65.5625,65.96875,86.96875,82.90625,77.53125,71.28125,65.90625,63.625,63.78125,68.5625,81.90625,77.15625,70.96875,71.96875,65.3125,62.3125,65.375,70.375,77.25,71.21875,68.625,70.71875,67.09375,64.53125,67.4375,71.9375,74.03125,67.96875,68.96875,68.5625,67.9375,68.84375,70.15625,73.96875,
81.5176470588,77.0823529412,71.7411764706,66.8470588235,64.8235294118,63.2117647059,62.2941176471,65.2,81.5764705882,77.0470588235,71.9176470588,68.4117647059,64.0705882353,62.2470588235,62.0,64.5764705882,80.6823529412,77.1411764706,71.8588235294,68.3529411765,64.8941176471,61.5058823529,61.7411764706,64.7882352941,81.1764705882,78.1294117647,71.6588235294,67.6352941176,63.2823529412,62.1764705882,61.6,63.7294117647,81.9411764706,79.6588235294,72.4823529412,67.0,62.5647058824,62.3647058824,61.6235294118,62.9058823529,82.4352941176,79.9529411765,74.8117647059,67.3176470588,62.5529411765,61.8941176471,61.9764705882,62.8117647059,84.2705882353,82.1058823529,75.9764705882,67.0117647059,62.9411764706,62.8823529412,61.4823529412,63.3529411765,83.7529411765,82.4,75.9647058824,68.9176470588,64.4823529412,63.1176470588,62.4941176471,64.1764705882,
71.84,69.5066666667,70.04,74.6,78.2,81.0533333333,82.3866666667,78.4533333333,67.2933333333,67.0933333333,68.4266666667,73.5066666667,78.9733333333,81.7066666667,82.2133333333,77.2933333333,65.24,65.9733333333,67.3066666667,73.2133333333,80.0133333333,81.2133333333,80.9333333333,74.9466666667,63.84,64.56,68.3333333333,73.5466666667,80.28,82.1733333333,78.04,72.3066666667,64.0266666667,64.7066666667,67.2,73.7066666667,79.9466666667,82.5066666667,76.4533333333,71.1866666667,65.2133333333,66.8266666667,68.6933333333,74.04,77.12,82.0933333333,77.7466666667,71.3333333333,66.28,68.4933333333,69.8666666667,73.3333333333,75.72,79.68,77.3066666667,73.4133333333,67.4666666667,68.4666666667,71.3733333333,74.2266666667,74.0533333333,77.8266666667,77.2666666667,74.0133333333,
71.1230769231,65.3692307692,61.1692307692,61.5384615385,64.9076923077,69.3846153846,76.4615384615,87.7230769231,67.9076923077,62.3846153846,60.7076923077,60.1846153846,62.7076923077,68.3692307692,77.5692307692,88.5230769231,66.4461538462,62.7230769231,60.0615384615,59.2615384615,61.8769230769,66.7692307692,77.0461538462,90.4615384615,66.1846153846,62.0153846154,59.7384615385,58.4307692308,61.2307692308,66.4153846154,77.6,92.0615384615,66.4615384615,62.0153846154,60.1076923077,58.8153846154,60.2461538462,65.4153846154,79.7538461538,97.4769230769,66.4,62.7230769231,58.9076923077,59.1538461538,61.1230769231,65.3076923077,83.3846153846,100.323076923,67.9538461538,63.2307692308,59.4615384615,59.1384615385,62.9230769231,69.6461538462,85.6923076923,104.861538462,69.1538461538,62.9538461538,59.1846153846,59.7384615385,65.1692307692,74.9230769231,88.6307692308,106.461538462,
63.2777777778,63.1759259259,63.0416666667,63.1527777778,63.3981481481,64.7314814815,64.8796296296,65.6527777778,63.2685185185,62.5509259259,62.7592592593,63.3101851852,63.4675925926,65.0046296296,65.2685185185,65.8611111111,62.8564814815,62.6944444444,62.962962963,63.6435185185,63.6435185185,64.6898148148,65.3564814815,65.5277777778,62.4768518519,62.3703703704,62.7546296296,64.087962963,63.8564814815,63.8611111111,64.8240740741,64.8101851852,62.8148148148,62.5740740741,63.2916666667,64.0231481481,63.875,64.0555555556,64.8935185185,64.9953703704,62.8611111111,62.4722222222,63.412037037,64.0787037037,63.8055555556,64.3287037037,64.3425925926,64.4907407407,63.0787037037,62.7361111111,62.9814814815,63.8981481481,64.3796296296,64.9768518519,64.337962963,64.9027777778,63.3240740741,63.0509259259,63.0,63.9166666667,64.6944444444,65.4861111111,65.0138888889,65.7685185185,
65.9130434783,59.801242236,57.8944099379,57.5031055901,57.8447204969,57.5031055901,57.7826086957,59.7391304348,62.4658385093,58.7577639752,56.9875776398,56.8695652174,57.1055900621,57.5465838509,57.4782608696,59.3850931677,60.1428571429,57.1304347826,56.2546583851,57.1242236025,57.4409937888,57.1180124224,57.9689440994,59.7577639752,59.0683229814,56.7453416149,56.1739130435,56.1863354037,56.6832298137,57.4285714286,57.7826086957,59.5403726708,58.0124223602,56.3291925466,56.0745341615,56.6211180124,56.2422360248,56.5527950311,57.397515528,59.5031055901,57.9192546584,56.6211180124,56.4596273292,57.1428571429,56.7329192547,56.8447204969,57.4906832298,59.8571428571,58.397515528,56.7391304348,57.1614906832,57.1863354037,56.7453416149,56.751552795,57.8074534161,60.8447204969,59.2236024845,57.0310559006,57.049689441,56.9937888199,57.2049689441,57.7577639752,58.7763975155,62.602484472,
